Workbook

Sheet (현황표)
H1: MAX수치 순위 | I1: 구분 | J1: PAC | K1: SHO | L1: PAS | M1: DRI | N1: DEF | O1: PHY | P1: Acceleration | Q1: Sprint Speed | R1: Positioning | S1: Finishing | T1: Shot Power | U1: Long Shots | V1: Volleys | W1: Penalties | X1: Vision | Y1: Crossing | Z1: FK Accuracy | AA1: Short Passing | AB1: Long Passing | AC1: Curve | AD1: Agility | AE1: Balance | AF1: Reactions | AG1: Ball Control | AH1: Dribbling | AI1: Composure | AJ1: Interceptions | AK1: Heading Accuracy | AL1: Defensive Awareness | AM1: Standing Tackle | AN1: Sliding Tackle | AO1: Jumping | AP1: Stamina | AQ1: Strength | AR1: Aggression | AS1: SM | AT1: WF
H2: 1위 | I2: MAX | J2: 84 | K2: 82 | L2: 79 | M2: 84 | N2: 79 | P2: 87 | Q2: 87 | R2: 84 | S2: 88 | T2: 88 | U2: 84 | V2: 84 | W2: 83 | X2: 86 | Y2: 82 | AA2: 86 | AB2: 82 | AC2: 84 | AD2: 89 | AE2: 85 | AF2: 86 | AG2: 89 | AH2: 89 | AI2: 85 | AJ2: 76 | AK2: 75 | AL2: 80 | AM2: 80 | AN2: 75 | AO2: 78 | AP2: 83 | AQ2: 77 | AR2: 75 | AS2: 4 | AT2: 3
I3: +OVR | J3: 1 | K3: 1 | L3: 1 | M3: 1 | N3: 1 | P3: 1 | Q3: 1 | R3: 6 | S3: 1 | T3: 1 | U3: 1 | V3: 6 | W3: 6 | X3: 1 | Y3: 1 10 | AA3: 1 | AB3: 1 | AC3: 1 | AD3: 1 | AE3: 1 10 | AF3: 1 | AG3: 1 | AH3: 1 | AI3: 1 | AJ3: 34 | AK3: 1 | AL3: 40 | AM3: 40 | AN3: 40 34 | AO3: 10 | AP3: 1 | AQ3: 40 | AR3: 40 | AS3: 10 34 | AT3: 8
I4: +Stat Point | J4: 2 | K4: 1 | L4: 1 | M4: 2 | N4: 1 | P4: 3 | Q4: 3 | R4: 7 | S4: 4 | T4: 3 | U4: 3 | V4: 7 | W4: 7 | X4: 10 | Y4: 12 10 | AA4: 8 | AB4: 12 | AC4: 12 | AD4: 4 | AE4: 2 15 | AF4: 3 | AG4: 5 | AH4: 5 | AI4: 3 | AJ4: 40 | AK4: 2 | AL4: 40 | AM4: 40 | AN4: 40 | AO4: 10 | AP4: 1 | AQ4: 40 | AR4: 40 | AS4: 1 2 | AT4: 2
I5: 진화명 | J5: Frontline Flair - EA SPORTS FC 27 | K5: Frontline Flair - EA SPORTS FC 27 | L5: Midfield Polish [SP+ 1] - EA SPORTS FC 27 | M5: Frontline Flair - EA SPORTS FC 27 | N5: Midfield Polish [SP+ 1] - EA SPORTS FC 27 | P5: Future Stars Academy III - EA SPORTS FC 27 | Q5: Future Stars Academy III - EA SPORTS FC 27 | R5: Batigol Precision - EA SPORTS FC 27 | S5: Future Stars Academy III - EA SPORTS FC 27 | T5: Future Stars Academy III - EA SPORTS FC 27 | U5: Future Stars Academy III - EA SPORTS FC 27 | V5: Batigol Precision - EA SPORTS FC 27 | W5: Batigol Precision - EA SPORTS FC 27 | X5: Future Stars Academy II - EA SPORTS FC 27 | Y5: Future Stars Academy II - EA SPORTS FC 27 Winger Glow Up [SP+ 26] - EA SPORTS FC 27 | AA5: Future Stars Academy II - EA SPORTS FC 27 | AB5: Future Stars Academy II - EA SPORTS FC 27 | AC5: Future Stars Academy II - EA SPORTS FC 27 | AD5: Future Stars Academy III - EA SPORTS FC 27 | AE5: Future Stars Academy III - EA SPORTS FC 27 Winger Glow Up [SP+ 26] - EA SPORTS FC 27 | AF5: Future Stars Academy III - EA SPORTS FC 27 | AG5: Future Stars Academy III - EA SPORTS FC 27 | AH5: Future Stars Academy III - EA SPORTS FC 27 | AI5: Future Stars Academy III - EA SPORTS FC 27 | AJ5: Intro to Evolutions - EA SPORTS FC 27 | AK5: Future Stars Academy II - EA SPORTS FC 27 | AL5: Midfield Glow Up - EA SPORTS FC 27 | AM5: Midfield Glow Up - EA SPORTS FC 27 | AN5: Midfield Glow Up - EA SPORTS FC 27 Intro to Evolutions - EA SPORTS FC 27 | AO5: Striker Glow Up [SP 7] - EA SPORTS FC 27 | AP5: Future Stars Academy II - EA SPORTS FC 27 | AQ5: Midfield Glow Up - EA SPORTS FC 27 | AR5: Midfield Glow Up - EA SPORTS FC 27 | AS5: Touchline Magic - EA SPORTS FC 27 Future Stars Academy I - EA SPORTS FC 27 | AT5: Repeat Delivery - EA SPORTS FC 27
H6: 2위 | I6: MAX | P6: 85 | Q6: 85 | R6: 82 | S6: 83 | T6: 84 | U6: 83 | V6: 82 | W6: 81 | X6: 84 | Y6: 79 | AA6: 83 | AB6: 81 | AC6: 83 | AD6: 86 | AE6: 83 | AF6: 83 | AG6: 85 | AH6: 84 | AI6: 84 | AJ6: 75 | AK6: 73 | AL6: 77 | AM6: 78 | AO6: 76 | AP6: 82 | AQ6: 73 | AS6: 3
I7: +OVR | P7: 10 | Q7: 10 | R7: 10 | S7: 6 10 | T7: 6 | U7: 6 | V7: 1 | W7: 40 | X7: 8 | Y7: 40 | AA7: 1 | AB7: 40 | AC7: 10 | AD7: 10 | AE7: 10 | AF7: 10 | AG7: 10 | AH7: 10 | AI7: 1 | AJ7: 40 | AK7: 34 | AL7: 34 | AM7: 34 | AO7: 40 | AP7: 10 34 | AQ7: 34 | AS7: 40 10 8
I8: +Stat Point | P8: 10 15 | Q8: 10 15 | R8: 15 | S8: 7 15 | T8: 7 | U8: 7 | V8: 5 | W8: 50 | X8: 15 | Y8: 50 | AA8: 4 | AB8: 50 | AC8: 7 | AD8: 15 | AE8: 10 | AF8: 10 | AG8: 15 | AH8: 10 15 | AI8: 3 | AJ8: 40 | AK8: 20 | AL8: 40 | AM8: 40 | AO8: 40 | AP8: 7 25 | AQ8: 15 | AS8: 2 1
I9: 진화명 | P9: Touchline Magic - EA SPORTS FC 27 Winger Glow Up [SP+ 26] - EA SPORTS FC 27 | Q9: Touchline Magic - EA SPORTS FC 27 Winger Glow Up [SP+ 26] - EA SPORTS FC 27 | R9: Striker Glow Up [SP 7] - EA SPORTS FC 27 | S9: Batigol Precision - EA SPORTS FC 27 Striker Glow Up [SP 7] - EA SPORTS FC 27 | T9: Batigol Precision - EA SPORTS FC 27 | U9: Batigol Precision - EA SPORTS FC 27 | V9: Future Stars Academy III - EA SPORTS FC 27 | W9: Nine Duty - EA SPORTS FC 27 | X9: Repeat Delivery - EA SPORTS FC 27 | Y9: Playmaker Reborn - EA SPORTS FC 27 | AA9: Believe - EA SPORTS FC 27 | AB9: Playmaker Reborn - EA SPORTS FC 27 | AC9: Touchline Magic - EA SPORTS FC 27 | AD9: Winger Glow Up [SP+ 26] - EA SPORTS FC 27 | AE9: Touchline Magic - EA SPORTS FC 27 | AF9: Touchline Magic - EA SPORTS FC 27 | AG9: Winger Glow Up [SP+ 26] - EA SPORTS FC 27 | AH9: Touchline Magic - EA SPORTS FC 27 Winger Glow Up [SP+ 26] - EA SPORTS FC 27 | AI9: Believe - EA SPORTS FC 27 | AJ9: Midfield Glow Up - EA SPORTS FC 27 | AK9: Future Stars Academy I - EA SPORTS FC 27 | AL9: Intro to Evolutions - EA SPORTS FC 27 | AM9: Intro to Evolutions - EA SPORTS FC 27 | AO9: Midfield Glow Up - EA SPORTS FC 27 | AP9: Touchline Magic - EA SPORTS FC 27 Future Stars Academy I - EA SPORTS FC 27 | AQ9: Future Stars Academy I - EA SPORTS FC 27 | AS9: Nine Duty - EA SPORTS FC 27 Winger Glow Up [SP+ 26] - EA SPORTS FC 27 Repeat Delivery - EA SPORTS FC 27
H10: 3위 | I10: MAX | P10: 83 | Q10: 83 | R10: 81 | S10: 82 | T10: 82 | U10: 81 | V10: 79 | W10: 77 | X10: 82 | Y10: 78 | AA10: 82 | AB10: 80 | AC10: 80 | AD10: 84 | AE10: 81 | AF10: 82 | AG10: 84 | AH10: 81 | AI10: 83 | AP10: 80
I11: +OVR | P11: 6 | Q11: 6 | R11: 10 1 | S11: 10 | T11: 10 | U11: 10 | V11: 40 | W11: 40 | X11: 34 | Y11: 34 8 | AA11: 34 | AB11: 10 | AC11: 34 | AD11: 10 | AE11: 6 | AF11: 1 6 | AG11: 10 | AH11: 1 6 | AI11: 10 | AP11: 34
I12: +Stat Point | P12: 7 | Q12: 7 | R12: 7 1 | S12: 7 | T12: 15 | U12: 7 | V12: 50 | W12: 40 | X12: 30 | Y12: 40 10 | AA12: 35 | AB12: 10 | AC12: 40 | AD12: 10 | AE12: 7 | AF12: 2 7 | AG12: 10 | AH12: 1 7 | AI12: 10 | AP12: 40
I13: 진화명 | P13: Batigol Precision - EA SPORTS FC 27 | Q13: Batigol Precision - EA SPORTS FC 27 | R13: Touchline Magic - EA SPORTS FC 27 Future Stars Academy II - EA SPORTS FC 27 | S13: Touchline Magic - EA SPORTS FC 27 | T13: Striker Glow Up [SP 7] - EA SPORTS FC 27 | U13: Touchline Magic - EA SPORTS FC 27 | V13: Nine Duty - EA SPORTS FC 27 | W13: Playmaker Reborn - EA SPORTS FC 27 | X13: Future Stars Academy I - EA SPORTS FC 27 | Y13: Intro to Evolutions - EA SPORTS FC 27 Repeat Delivery - EA SPORTS FC 27 | AA13: Future Stars Academy I - EA SPORTS FC 27 | AB13: Winger Glow Up [SP+ 26] - EA SPORTS FC 27 | AC13: Intro to Evolutions - EA SPORTS FC 27 | AD13: Touchline Magic - EA SPORTS FC 27 | AE13: Batigol Precision - EA SPORTS FC 27 | AF13: Future Stars Academy II - EA SPORTS FC 27 Batigol Precision - EA SPORTS FC 27 | AG13: Touchline Magic - EA SPORTS FC 27 | AH13: Future Stars Academy II - EA SPORTS FC 27 Batigol Precision - EA SPORTS FC 27 | AI13: Touchline Magic - EA SPORTS FC 27 | AP13: Intro to Evolutions - EA SPORTS FC 27
J27: 선택한 스탯의 Max값 | K27: 진화명 | L27: Rank | M27: +OVR | N27: Max OVR | O27: 포지션 제한 | P27: OVR 제한 | Q27: 기타 요구조건 | AB27: 상위 Max값
J28: 84 | K28: Frontline Flair - EA SPORTS FC 27 | L28: 1 | M28: 1 | N28: 84 | O28: LW, RW, ST | P28: Max 83 | Q28: Overall Max. 83 Position LW, RW, ST Excluded Position CAM Max PS 7 Pace Max. 84 Details Submit by in 9 days Expiry in 16 days Coins Cost Free Points Cost Free | AB28: =MAX($J$28:$J$322)
AB29: =_xlfn.MAXIFS($J$28:$J$322,$J$28:$J$322,"<"&AB28)
AB30: =_xlfn.MAXIFS($J$28:$J$322,$J$28:$J$322,"<"&AB29)
J328: {=IFERROR(INDEX(Unified_Matrix!$A:$ZZ,ROW(A325),MATCH("Max "&$J$9,Unified_Matrix!$1:$1,0)),"")} | K328: {=IFERROR(INDEX(Unified_Matrix!$A:$ZZ,ROW(A325),MATCH("Evolution_Name",Unified_Matrix!$1:$1,0)),"")} | L328: =IF(J328="","",IF(J328=0,"",IF(J328=$AB$28,1,IF(J328=$AB$29,2,IF(J328=$AB$30,3,""))))) | M328: {=IFERROR(INDEX(Unified_Matrix!$A:$ZZ,ROW(A325),MATCH("+ OVR",Unified_Matrix!$1:$1,0)),"")} | N328: {=IFERROR(INDEX(Unified_Matrix!$A:$ZZ,ROW(A325),MATCH("Max OVR",Unified_Matrix!$1:$1,0)),"")} | O328: {=IFERROR(INDEX(Unified_Matrix!$A:$ZZ,ROW(A325),MATCH("Req_Position",Unified_Matrix!$1:$1,0)),"")} | P328: {=IFERROR(INDEX(Unified_Matrix!$A:$ZZ,ROW(A325),MATCH("Req_OVR_Max",Unified_Matrix!$1:$1,0)),"")} | Q328: {=IFERROR(INDEX(Unified_Matrix!$A:$ZZ,ROW(A325),MATCH("Req_Other",Unified_Matrix!$1:$1,0)),"")}
J329: {=IFERROR(INDEX(Unified_Matrix!$A:$ZZ,ROW(A326),MATCH("Max "&$J$9,Unified_Matrix!$1:$1,0)),"")} | K329: {=IFERROR(INDEX(Unified_Matrix!$A:$ZZ,ROW(A326),MATCH("Evolution_Name",Unified_Matrix!$1:$1,0)),"")} | L329: =IF(J329="","",IF(J329=0,"",IF(J329=$AB$28,1,IF(J329=$AB$29,2,IF(J329=$AB$30,3,""))))) | M329: {=IFERROR(INDEX(Unified_Matrix!$A:$ZZ,ROW(A326),MATCH("+ OVR",Unified_Matrix!$1:$1,0)),"")} | N329: {=IFERROR(INDEX(Unified_Matrix!$A:$ZZ,ROW(A326),MATCH("Max OVR",Unified_Matrix!$1:$1,0)),"")} | O329: {=IFERROR(INDEX(Unified_Matrix!$A:$ZZ,ROW(A326),MATCH("Req_Position",Unified_Matrix!$1:$1,0)),"")} | P329: {=IFERROR(INDEX(Unified_Matrix!$A:$ZZ,ROW(A326),MATCH("Req_OVR_Max",Unified_Matrix!$1:$1,0)),"")} | Q329: {=IFERROR(INDEX(Unified_Matrix!$A:$ZZ,ROW(A326),MATCH("Req_Other",Unified_Matrix!$1:$1,0)),"")}
J330: {=IFERROR(INDEX(Unified_Matrix!$A:$ZZ,ROW(A327),MATCH("Max "&$J$9,Unified_Matrix!$1:$1,0)),"")} | K330: {=IFERROR(INDEX(Unified_Matrix!$A:$ZZ,ROW(A327),MATCH("Evolution_Name",Unified_Matrix!$1:$1,0)),"")} | L330: =IF(J330="","",IF(J330=0,"",IF(J330=$AB$28,1,IF(J330=$AB$29,2,IF(J330=$AB$30,3,""))))) | M330: {=IFERROR(INDEX(Unified_Matrix!$A:$ZZ,ROW(A327),MATCH("+ OVR",Unified_Matrix!$1:$1,0)),"")} | N330: {=IFERROR(INDEX(Unified_Matrix!$A:$ZZ,ROW(A327),MATCH("Max OVR",Unified_Matrix!$1:$1,0)),"")} | O330: {=IFERROR(INDEX(Unified_Matrix!$A:$ZZ,ROW(A327),MATCH("Req_Position",Unified_Matrix!$1:$1,0)),"")} | P330: {=IFERROR(INDEX(Unified_Matrix!$A:$ZZ,ROW(A327),MATCH("Req_OVR_Max",Unified_Matrix!$1:$1,0)),"")} | Q330: {=IFERROR(INDEX(Unified_Matrix!$A:$ZZ,ROW(A327),MATCH("Req_Other",Unified_Matrix!$1:$1,0)),"")}
J331: {=IFERROR(INDEX(Unified_Matrix!$A:$ZZ,ROW(A328),MATCH("Max "&$J$9,Unified_Matrix!$1:$1,0)),"")} | K331: {=IFERROR(INDEX(Unified_Matrix!$A:$ZZ,ROW(A328),MATCH("Evolution_Name",Unified_Matrix!$1:$1,0)),"")} | L331: =IF(J331="","",IF(J331=0,"",IF(J331=$AB$28,1,IF(J331=$AB$29,2,IF(J331=$AB$30,3,""))))) | M331: {=IFERROR(INDEX(Unified_Matrix!$A:$ZZ,ROW(A328),MATCH("+ OVR",Unified_Matrix!$1:$1,0)),"")} | N331: {=IFERROR(INDEX(Unified_Matrix!$A:$ZZ,ROW(A328),MATCH("Max OVR",Unified_Matrix!$1:$1,0)),"")} | O331: {=IFERROR(INDEX(Unified_Matrix!$A:$ZZ,ROW(A328),MATCH("Req_Position",Unified_Matrix!$1:$1,0)),"")} | P331: {=IFERROR(INDEX(Unified_Matrix!$A:$ZZ,ROW(A328),MATCH("Req_OVR_Max",Unified_Matrix!$1:$1,0)),"")} | Q331: {=IFERROR(INDEX(Unified_Matrix!$A:$ZZ,ROW(A328),MATCH("Req_Other",Unified_Matrix!$1:$1,0)),"")}
J332: {=IFERROR(INDEX(Unified_Matrix!$A:$ZZ,ROW(A329),MATCH("Max "&$J$9,Unified_Matrix!$1:$1,0)),"")} | K332: {=IFERROR(INDEX(Unified_Matrix!$A:$ZZ,ROW(A329),MATCH("Evolution_Name",Unified_Matrix!$1:$1,0)),"")} | L332: =IF(J332="","",IF(J332=0,"",IF(J332=$AB$28,1,IF(J332=$AB$29,2,IF(J332=$AB$30,3,""))))) | M332: {=IFERROR(INDEX(Unified_Matrix!$A:$ZZ,ROW(A329),MATCH("+ OVR",Unified_Matrix!$1:$1,0)),"")} | N332: {=IFERROR(INDEX(Unified_Matrix!$A:$ZZ,ROW(A329),MATCH("Max OVR",Unified_Matrix!$1:$1,0)),"")} | O332: {=IFERROR(INDEX(Unified_Matrix!$A:$ZZ,ROW(A329),MATCH("Req_Position",Unified_Matrix!$1:$1,0)),"")} | P332: {=IFERROR(INDEX(Unified_Matrix!$A:$ZZ,ROW(A329),MATCH("Req_OVR_Max",Unified_Matrix!$1:$1,0)),"")} | Q332: {=IFERROR(INDEX(Unified_Matrix!$A:$ZZ,ROW(A329),MATCH("Req_Other",Unified_Matrix!$1:$1,0)),"")}
J333: {=IFERROR(INDEX(Unified_Matrix!$A:$ZZ,ROW(A330),MATCH("Max "&$J$9,Unified_Matrix!$1:$1,0)),"")} | K333: {=IFERROR(INDEX(Unified_Matrix!$A:$ZZ,ROW(A330),MATCH("Evolution_Name",Unified_Matrix!$1:$1,0)),"")} | L333: =IF(J333="","",IF(J333=0,"",IF(J333=$AB$28,1,IF(J333=$AB$29,2,IF(J333=$AB$30,3,""))))) | M333: {=IFERROR(INDEX(Unified_Matrix!$A:$ZZ,ROW(A330),MATCH("+ OVR",Unified_Matrix!$1:$1,0)),"")} | N333: {=IFERROR(INDEX(Unified_Matrix!$A:$ZZ,ROW(A330),MATCH("Max OVR",Unified_Matrix!$1:$1,0)),"")} | O333: {=IFERROR(INDEX(Unified_Matrix!$A:$ZZ,ROW(A330),MATCH("Req_Position",Unified_Matrix!$1:$1,0)),"")} | P333: {=IFERROR(INDEX(Unified_Matrix!$A:$ZZ,ROW(A330),MATCH("Req_OVR_Max",Unified_Matrix!$1:$1,0)),"")} | Q333: {=IFERROR(INDEX(Unified_Matrix!$A:$ZZ,ROW(A330),MATCH("Req_Other",Unified_Matrix!$1:$1,0)),"")}
J334: {=IFERROR(INDEX(Unified_Matrix!$A:$ZZ,ROW(A331),MATCH("Max "&$J$9,Unified_Matrix!$1:$1,0)),"")} | K334: {=IFERROR(INDEX(Unified_Matrix!$A:$ZZ,ROW(A331),MATCH("Evolution_Name",Unified_Matrix!$1:$1,0)),"")} | L334: =IF(J334="","",IF(J334=0,"",IF(J334=$AB$28,1,IF(J334=$AB$29,2,IF(J334=$AB$30,3,""))))) | M334: {=IFERROR(INDEX(Unified_Matrix!$A:$ZZ,ROW(A331),MATCH("+ OVR",Unified_Matrix!$1:$1,0)),"")} | N334: {=IFERROR(INDEX(Unified_Matrix!$A:$ZZ,ROW(A331),MATCH("Max OVR",Unified_Matrix!$1:$1,0)),"")} | O334: {=IFERROR(INDEX(Unified_Matrix!$A:$ZZ,ROW(A331),MATCH("Req_Position",Unified_Matrix!$1:$1,0)),"")} | P334: {=IFERROR(INDEX(Unified_Matrix!$A:$ZZ,ROW(A331),MATCH("Req_OVR_Max",Unified_Matrix!$1:$1,0)),"")} | Q334: {=IFERROR(INDEX(Unified_Matrix!$A:$ZZ,ROW(A331),MATCH("Req_Other",Unified_Matrix!$1:$1,0)),"")}
J335: {=IFERROR(INDEX(Unified_Matrix!$A:$ZZ,ROW(A332),MATCH("Max "&$J$9,Unified_Matrix!$1:$1,0)),"")} | K335: {=IFERROR(INDEX(Unified_Matrix!$A:$ZZ,ROW(A332),MATCH("Evolution_Name",Unified_Matrix!$1:$1,0)),"")} | L335: =IF(J335="","",IF(J335=0,"",IF(J335=$AB$28,1,IF(J335=$AB$29,2,IF(J335=$AB$30,3,""))))) | M335: {=IFERROR(INDEX(Unified_Matrix!$A:$ZZ,ROW(A332),MATCH("+ OVR",Unified_Matrix!$1:$1,0)),"")} | N335: {=IFERROR(INDEX(Unified_Matrix!$A:$ZZ,ROW(A332),MATCH("Max OVR",Unified_Matrix!$1:$1,0)),"")} | O335: {=IFERROR(INDEX(Unified_Matrix!$A:$ZZ,ROW(A332),MATCH("Req_Position",Unified_Matrix!$1:$1,0)),"")} | P335: {=IFERROR(INDEX(Unified_Matrix!$A:$ZZ,ROW(A332),MATCH("Req_OVR_Max",Unified_Matrix!$1:$1,0)),"")} | Q335: {=IFERROR(INDEX(Unified_Matrix!$A:$ZZ,ROW(A332),MATCH("Req_Other",Unified_Matrix!$1:$1,0)),"")}
J336: {=IFERROR(INDEX(Unified_Matrix!$A:$ZZ,ROW(A333),MATCH("Max "&$J$9,Unified_Matrix!$1:$1,0)),"")} | K336: {=IFERROR(INDEX(Unified_Matrix!$A:$ZZ,ROW(A333),MATCH("Evolution_Name",Unified_Matrix!$1:$1,0)),"")} | L336: =IF(J336="","",IF(J336=0,"",IF(J336=$AB$28,1,IF(J336=$AB$29,2,IF(J336=$AB$30,3,""))))) | M336: {=IFERROR(INDEX(Unified_Matrix!$A:$ZZ,ROW(A333),MATCH("+ OVR",Unified_Matrix!$1:$1,0)),"")} | N336: {=IFERROR(INDEX(Unified_Matrix!$A:$ZZ,ROW(A333),MATCH("Max OVR",Unified_Matrix!$1:$1,0)),"")} | O336: {=IFERROR(INDEX(Unified_Matrix!$A:$ZZ,ROW(A333),MATCH("Req_Position",Unified_Matrix!$1:$1,0)),"")} | P336: {=IFERROR(INDEX(Unified_Matrix!$A:$ZZ,ROW(A333),MATCH("Req_OVR_Max",Unified_Matrix!$1:$1,0)),"")} | Q336: {=IFERROR(INDEX(Unified_Matrix!$A:$ZZ,ROW(A333),MATCH("Req_Other",Unified_Matrix!$1:$1,0)),"")}
J337: {=IFERROR(INDEX(Unified_Matrix!$A:$ZZ,ROW(A334),MATCH("Max "&$J$9,Unified_Matrix!$1:$1,0)),"")} | K337: {=IFERROR(INDEX(Unified_Matrix!$A:$ZZ,ROW(A334),MATCH("Evolution_Name",Unified_Matrix!$1:$1,0)),"")} | L337: =IF(J337="","",IF(J337=0,"",IF(J337=$AB$28,1,IF(J337=$AB$29,2,IF(J337=$AB$30,3,""))))) | M337: {=IFERROR(INDEX(Unified_Matrix!$A:$ZZ,ROW(A334),MATCH("+ OVR",Unified_Matrix!$1:$1,0)),"")} | N337: {=IFERROR(INDEX(Unified_Matrix!$A:$ZZ,ROW(A334),MATCH("Max OVR",Unified_Matrix!$1:$1,0)),"")} | O337: {=IFERROR(INDEX(Unified_Matrix!$A:$ZZ,ROW(A334),MATCH("Req_Position",Unified_Matrix!$1:$1,0)),"")} | P337: {=IFERROR(INDEX(Unified_Matrix!$A:$ZZ,ROW(A334),MATCH("Req_OVR_Max",Unified_Matrix!$1:$1,0)),"")} | Q337: {=IFERROR(INDEX(Unified_Matrix!$A:$ZZ,ROW(A334),MATCH("Req_Other",Unified_Matrix!$1:$1,0)),"")}
J338: {=IFERROR(INDEX(Unified_Matrix!$A:$ZZ,ROW(A335),MATCH("Max "&$J$9,Unified_Matrix!$1:$1,0)),"")} | K338: {=IFERROR(INDEX(Unified_Matrix!$A:$ZZ,ROW(A335),MATCH("Evolution_Name",Unified_Matrix!$1:$1,0)),"")} | L338: =IF(J338="","",IF(J338=0,"",IF(J338=$AB$28,1,IF(J338=$AB$29,2,IF(J338=$AB$30,3,""))))) | M338: {=IFERROR(INDEX(Unified_Matrix!$A:$ZZ,ROW(A335),MATCH("+ OVR",Unified_Matrix!$1:$1,0)),"")} | N338: {=IFERROR(INDEX(Unified_Matrix!$A:$ZZ,ROW(A335),MATCH("Max OVR",Unified_Matrix!$1:$1,0)),"")} | O338: {=IFERROR(INDEX(Unified_Matrix!$A:$ZZ,ROW(A335),MATCH("Req_Position",Unified_Matrix!$1:$1,0)),"")} | P338: {=IFERROR(INDEX(Unified_Matrix!$A:$ZZ,ROW(A335),MATCH("Req_OVR_Max",Unified_Matrix!$1:$1,0)),"")} | Q338: {=IFERROR(INDEX(Unified_Matrix!$A:$ZZ,ROW(A335),MATCH("Req_Other",Unified_Matrix!$1:$1,0)),"")}
J339: {=IFERROR(INDEX(Unified_Matrix!$A:$ZZ,ROW(A336),MATCH("Max "&$J$9,Unified_Matrix!$1:$1,0)),"")} | K339: {=IFERROR(INDEX(Unified_Matrix!$A:$ZZ,ROW(A336),MATCH("Evolution_Name",Unified_Matrix!$1:$1,0)),"")} | L339: =IF(J339="","",IF(J339=0,"",IF(J339=$AB$28,1,IF(J339=$AB$29,2,IF(J339=$AB$30,3,""))))) | M339: {=IFERROR(INDEX(Unified_Matrix!$A:$ZZ,ROW(A336),MATCH("+ OVR",Unified_Matrix!$1:$1,0)),"")} | N339: {=IFERROR(INDEX(Unified_Matrix!$A:$ZZ,ROW(A336),MATCH("Max OVR",Unified_Matrix!$1:$1,0)),"")} | O339: {=IFERROR(INDEX(Unified_Matrix!$A:$ZZ,ROW(A336),MATCH("Req_Position",Unified_Matrix!$1:$1,0)),"")} | P339: {=IFERROR(INDEX(Unified_Matrix!$A:$ZZ,ROW(A336),MATCH("Req_OVR_Max",Unified_Matrix!$1:$1,0)),"")} | Q339: {=IFERROR(INDEX(Unified_Matrix!$A:$ZZ,ROW(A336),MATCH("Req_Other",Unified_Matrix!$1:$1,0)),"")}
... J522: {=IFERROR(INDEX(Unified_Matrix!$A:$ZZ,ROW(A519),MATCH("Max "&$J$9,Unified_Matrix!$1:$1,0)),"")} | K522: {=IFERROR(INDEX(Unified_Matrix!$A:$ZZ,ROW(A519),MATCH("Evolution_Name",Unified_Matrix!$1:$1,0)),"")} | L522: =IF(J522="","",IF(J522=0,"",IF(J522=$AB$28,1,IF(J522=$AB$29,2,IF(J522=$AB$30,3,""))))) | M522: {=IFERROR(INDEX(Unified_Matrix!$A:$ZZ,ROW(A519),MATCH("+ OVR",Unified_Matrix!$1:$1,0)),"")} | N522: {=IFERROR(INDEX(Unified_Matrix!$A:$ZZ,ROW(A519),MATCH("Max OVR",Unified_Matrix!$1:$1,0)),"")} | O522: {=IFERROR(INDEX(Unified_Matrix!$A:$ZZ,ROW(A519),MATCH("Req_Position",Unified_Matrix!$1:$1,0)),"")} | P522: {=IFERROR(INDEX(Unified_Matrix!$A:$ZZ,ROW(A519),MATCH("Req_OVR_Max",Unified_Matrix!$1:$1,0)),"")} | Q522: {=IFERROR(INDEX(Unified_Matrix!$A:$ZZ,ROW(A519),MATCH("Req_Other",Unified_Matrix!$1:$1,0)),"")}

Sheet (분석시트)
F1: PAC | G1: SHO | H1: PAS | I1: DRI | J1: DEF | K1: PHY | L1: Acceleration | M1: Sprint Speed | N1: Positioning | O1: Finishing | P1: Shot Power | Q1: Long Shots | R1: Volleys | S1: Penalties | T1: Vision | U1: Crossing | V1: FK Accuracy | W1: Short Passing | X1: Long Passing | Y1: Curve | Z1: Agility | AA1: Balance | AB1: Reactions | AC1: Ball Control | AD1: Dribbling | AE1: Composure | AF1: Interceptions | AG1: Heading Accuracy | AH1: Defensive Awareness | AI1: Standing Tackle | AJ1: Sliding Tackle | AK1: Jumping | AL1: Stamina | AM1: Strength | AN1: Aggression | AO1: SM | AP1: WF
H3: Agility
F4: MAX수치 순위 | G4: 번호 | H4: 상한선 | I4: 진화명 | J4: +Stat Point | K4: +OVR | L4: MAX OVR | M4: 포지션 제한 | N4: OVR 제한 | O4: 기타 요구조건
F5: 1위 | G5: 1 | H5: =_xlfn.MAXIFS(INDIRECT("Evo[Max "&$H$3&"]"),INDIRECT("Evo[Max "&$H$3&"]"),">0") | I5: {=IFERROR(INDEX(Evo[Evolution_Name],_xlfn.AGGREGATE(15,6,(ROW(Evo[Evolution_Name])-MIN(ROW(Evo[Evolution_Name]))+1)/((INDIRECT("Evo[Max "&$H$3&"]")=$H5)*(INDIRECT("Evo[Max "&$H$3&"]")>0)),$G5)),"")} | J5: {=IFERROR(INDEX(INDIRECT("Evo[+ "&$H$3&"]"),_xlfn.AGGREGATE(15,6,(ROW(Evo[Evolution_Name])-MIN(ROW(Evo[Evolution_Name]))+1)/((INDIRECT("Evo[Max "&$H$3&"]")=$H5)*(INDIRECT("Evo[Max "&$H$3&"]")>0)),$G5)),"")} | K5: {=IFERROR(INDEX(INDIRECT("Evo[+ OVR]"),_xlfn.AGGREGATE(15,6,(ROW(Evo[Evolution_Name])-MIN(ROW(Evo[Evolution_Name]))+1)/((INDIRECT("Evo[Max "&$H$3&"]")=$H5)*(INDIRECT("Evo[Max "&$H$3&"]")>0)),$G5)),"")} | L5: {=IFERROR(INDEX(INDIRECT("Evo[Max OVR]"),_xlfn.AGGREGATE(15,6,(ROW(Evo[Evolution_Name])-MIN(ROW(Evo[Evolution_Name]))+1)/((INDIRECT("Evo[Max "&$H$3&"]")=$H5)*(INDIRECT("Evo[Max "&$H$3&"]")>0)),$G5)),"")} | M5: {=IFERROR(INDEX(INDIRECT("Evo[Req_Position]"),_xlfn.AGGREGATE(15,6,(ROW(Evo[Evolution_Name])-MIN(ROW(Evo[Evolution_Name]))+1)/((INDIRECT("Evo[Max "&$H$3&"]")=$H5)*(INDIRECT("Evo[Max "&$H$3&"]")>0)),$G5)),"")} | N5: {=IFERROR(INDEX(INDIRECT("Evo[Req_OVR_Max]"),_xlfn.AGGREGATE(15,6,(ROW(Evo[Evolution_Name])-MIN(ROW(Evo[Evolution_Name]))+1)/((INDIRECT("Evo[Max "&$H$3&"]")=$H5)*(INDIRECT("Evo[Max "&$H$3&"]")>0)),$G5)),"")} | O5: {=IFERROR(INDEX(INDIRECT("Evo[Req_Other]"),_xlfn.AGGREGATE(15,6,(ROW(Evo[Evolution_Name])-MIN(ROW(Evo[Evolution_Name]))+1)/((INDIRECT("Evo[Max "&$H$3&"]")=$H5)*(INDIRECT("Evo[Max "&$H$3&"]")>0)),$G5)),"")}
G6: 2 | H6: =_xlfn.MAXIFS(INDIRECT("Evo[Max "&$H$3&"]"),INDIRECT("Evo[Max "&$H$3&"]"),">0") | I6: {=IFERROR(INDEX(Evo[Evolution_Name],_xlfn.AGGREGATE(15,6,(ROW(Evo[Evolution_Name])-MIN(ROW(Evo[Evolution_Name]))+1)/((INDIRECT("Evo[Max "&$H$3&"]")=$H6)*(INDIRECT("Evo[Max "&$H$3&"]")>0)),$G6)),"")} | J6: {=IFERROR(INDEX(INDIRECT("Evo[+ "&$H$3&"]"),_xlfn.AGGREGATE(15,6,(ROW(Evo[Evolution_Name])-MIN(ROW(Evo[Evolution_Name]))+1)/((INDIRECT("Evo[Max "&$H$3&"]")=$H6)*(INDIRECT("Evo[Max "&$H$3&"]")>0)),$G6)),"")} | K6: {=IFERROR(INDEX(INDIRECT("Evo[+ OVR]"),_xlfn.AGGREGATE(15,6,(ROW(Evo[Evolution_Name])-MIN(ROW(Evo[Evolution_Name]))+1)/((INDIRECT("Evo[Max "&$H$3&"]")=$H6)*(INDIRECT("Evo[Max "&$H$3&"]")>0)),$G6)),"")} | L6: {=IFERROR(INDEX(INDIRECT("Evo[Max OVR]"),_xlfn.AGGREGATE(15,6,(ROW(Evo[Evolution_Name])-MIN(ROW(Evo[Evolution_Name]))+1)/((INDIRECT("Evo[Max "&$H$3&"]")=$H6)*(INDIRECT("Evo[Max "&$H$3&"]")>0)),$G6)),"")} | M6: {=IFERROR(INDEX(INDIRECT("Evo[Req_Position]"),_xlfn.AGGREGATE(15,6,(ROW(Evo[Evolution_Name])-MIN(ROW(Evo[Evolution_Name]))+1)/((INDIRECT("Evo[Max "&$H$3&"]")=$H6)*(INDIRECT("Evo[Max "&$H$3&"]")>0)),$G6)),"")} | N6: {=IFERROR(INDEX(INDIRECT("Evo[Req_OVR_Max]"),_xlfn.AGGREGATE(15,6,(ROW(Evo[Evolution_Name])-MIN(ROW(Evo[Evolution_Name]))+1)/((INDIRECT("Evo[Max "&$H$3&"]")=$H6)*(INDIRECT("Evo[Max "&$H$3&"]")>0)),$G6)),"")} | O6: {=IFERROR(INDEX(INDIRECT("Evo[Req_Other]"),_xlfn.AGGREGATE(15,6,(ROW(Evo[Evolution_Name])-MIN(ROW(Evo[Evolution_Name]))+1)/((INDIRECT("Evo[Max "&$H$3&"]")=$H6)*(INDIRECT("Evo[Max "&$H$3&"]")>0)),$G6)),"")}
G7: 3 | H7: =_xlfn.MAXIFS(INDIRECT("Evo[Max "&$H$3&"]"),INDIRECT("Evo[Max "&$H$3&"]"),">0") | I7: {=IFERROR(INDEX(Evo[Evolution_Name],_xlfn.AGGREGATE(15,6,(ROW(Evo[Evolution_Name])-MIN(ROW(Evo[Evolution_Name]))+1)/((INDIRECT("Evo[Max "&$H$3&"]")=$H7)*(INDIRECT("Evo[Max "&$H$3&"]")>0)),$G7)),"")} | J7: {=IFERROR(INDEX(INDIRECT("Evo[+ "&$H$3&"]"),_xlfn.AGGREGATE(15,6,(ROW(Evo[Evolution_Name])-MIN(ROW(Evo[Evolution_Name]))+1)/((INDIRECT("Evo[Max "&$H$3&"]")=$H7)*(INDIRECT("Evo[Max "&$H$3&"]")>0)),$G7)),"")} | K7: {=IFERROR(INDEX(INDIRECT("Evo[+ OVR]"),_xlfn.AGGREGATE(15,6,(ROW(Evo[Evolution_Name])-MIN(ROW(Evo[Evolution_Name]))+1)/((INDIRECT("Evo[Max "&$H$3&"]")=$H7)*(INDIRECT("Evo[Max "&$H$3&"]")>0)),$G7)),"")} | L7: {=IFERROR(INDEX(INDIRECT("Evo[Max OVR]"),_xlfn.AGGREGATE(15,6,(ROW(Evo[Evolution_Name])-MIN(ROW(Evo[Evolution_Name]))+1)/((INDIRECT("Evo[Max "&$H$3&"]")=$H7)*(INDIRECT("Evo[Max "&$H$3&"]")>0)),$G7)),"")} | M7: {=IFERROR(INDEX(INDIRECT("Evo[Req_Position]"),_xlfn.AGGREGATE(15,6,(ROW(Evo[Evolution_Name])-MIN(ROW(Evo[Evolution_Name]))+1)/((INDIRECT("Evo[Max "&$H$3&"]")=$H7)*(INDIRECT("Evo[Max "&$H$3&"]")>0)),$G7)),"")} | N7: {=IFERROR(INDEX(INDIRECT("Evo[Req_OVR_Max]"),_xlfn.AGGREGATE(15,6,(ROW(Evo[Evolution_Name])-MIN(ROW(Evo[Evolution_Name]))+1)/((INDIRECT("Evo[Max "&$H$3&"]")=$H7)*(INDIRECT("Evo[Max "&$H$3&"]")>0)),$G7)),"")} | O7: {=IFERROR(INDEX(INDIRECT("Evo[Req_Other]"),_xlfn.AGGREGATE(15,6,(ROW(Evo[Evolution_Name])-MIN(ROW(Evo[Evolution_Name]))+1)/((INDIRECT("Evo[Max "&$H$3&"]")=$H7)*(INDIRECT("Evo[Max "&$H$3&"]")>0)),$G7)),"")}
G8: 4 | H8: =_xlfn.MAXIFS(INDIRECT("Evo[Max "&$H$3&"]"),INDIRECT("Evo[Max "&$H$3&"]"),">0") | I8: {=IFERROR(INDEX(Evo[Evolution_Name],_xlfn.AGGREGATE(15,6,(ROW(Evo[Evolution_Name])-MIN(ROW(Evo[Evolution_Name]))+1)/((INDIRECT("Evo[Max "&$H$3&"]")=$H8)*(INDIRECT("Evo[Max "&$H$3&"]")>0)),$G8)),"")} | J8: {=IFERROR(INDEX(INDIRECT("Evo[+ "&$H$3&"]"),_xlfn.AGGREGATE(15,6,(ROW(Evo[Evolution_Name])-MIN(ROW(Evo[Evolution_Name]))+1)/((INDIRECT("Evo[Max "&$H$3&"]")=$H8)*(INDIRECT("Evo[Max "&$H$3&"]")>0)),$G8)),"")} | K8: {=IFERROR(INDEX(INDIRECT("Evo[+ OVR]"),_xlfn.AGGREGATE(15,6,(ROW(Evo[Evolution_Name])-MIN(ROW(Evo[Evolution_Name]))+1)/((INDIRECT("Evo[Max "&$H$3&"]")=$H8)*(INDIRECT("Evo[Max "&$H$3&"]")>0)),$G8)),"")} | L8: {=IFERROR(INDEX(INDIRECT("Evo[Max OVR]"),_xlfn.AGGREGATE(15,6,(ROW(Evo[Evolution_Name])-MIN(ROW(Evo[Evolution_Name]))+1)/((INDIRECT("Evo[Max "&$H$3&"]")=$H8)*(INDIRECT("Evo[Max "&$H$3&"]")>0)),$G8)),"")} | M8: {=IFERROR(INDEX(INDIRECT("Evo[Req_Position]"),_xlfn.AGGREGATE(15,6,(ROW(Evo[Evolution_Name])-MIN(ROW(Evo[Evolution_Name]))+1)/((INDIRECT("Evo[Max "&$H$3&"]")=$H8)*(INDIRECT("Evo[Max "&$H$3&"]")>0)),$G8)),"")} | N8: {=IFERROR(INDEX(INDIRECT("Evo[Req_OVR_Max]"),_xlfn.AGGREGATE(15,6,(ROW(Evo[Evolution_Name])-MIN(ROW(Evo[Evolution_Name]))+1)/((INDIRECT("Evo[Max "&$H$3&"]")=$H8)*(INDIRECT("Evo[Max "&$H$3&"]")>0)),$G8)),"")} | O8: {=IFERROR(INDEX(INDIRECT("Evo[Req_Other]"),_xlfn.AGGREGATE(15,6,(ROW(Evo[Evolution_Name])-MIN(ROW(Evo[Evolution_Name]))+1)/((INDIRECT("Evo[Max "&$H$3&"]")=$H8)*(INDIRECT("Evo[Max "&$H$3&"]")>0)),$G8)),"")}
G9: 5 | H9: =_xlfn.MAXIFS(INDIRECT("Evo[Max "&$H$3&"]"),INDIRECT("Evo[Max "&$H$3&"]"),">0") | I9: {=IFERROR(INDEX(Evo[Evolution_Name],_xlfn.AGGREGATE(15,6,(ROW(Evo[Evolution_Name])-MIN(ROW(Evo[Evolution_Name]))+1)/((INDIRECT("Evo[Max "&$H$3&"]")=$H9)*(INDIRECT("Evo[Max "&$H$3&"]")>0)),$G9)),"")} | J9: {=IFERROR(INDEX(INDIRECT("Evo[+ "&$H$3&"]"),_xlfn.AGGREGATE(15,6,(ROW(Evo[Evolution_Name])-MIN(ROW(Evo[Evolution_Name]))+1)/((INDIRECT("Evo[Max "&$H$3&"]")=$H9)*(INDIRECT("Evo[Max "&$H$3&"]")>0)),$G9)),"")} | K9: {=IFERROR(INDEX(INDIRECT("Evo[+ OVR]"),_xlfn.AGGREGATE(15,6,(ROW(Evo[Evolution_Name])-MIN(ROW(Evo[Evolution_Name]))+1)/((INDIRECT("Evo[Max "&$H$3&"]")=$H9)*(INDIRECT("Evo[Max "&$H$3&"]")>0)),$G9)),"")} | L9: {=IFERROR(INDEX(INDIRECT("Evo[Max OVR]"),_xlfn.AGGREGATE(15,6,(ROW(Evo[Evolution_Name])-MIN(ROW(Evo[Evolution_Name]))+1)/((INDIRECT("Evo[Max "&$H$3&"]")=$H9)*(INDIRECT("Evo[Max "&$H$3&"]")>0)),$G9)),"")} | M9: {=IFERROR(INDEX(INDIRECT("Evo[Req_Position]"),_xlfn.AGGREGATE(15,6,(ROW(Evo[Evolution_Name])-MIN(ROW(Evo[Evolution_Name]))+1)/((INDIRECT("Evo[Max "&$H$3&"]")=$H9)*(INDIRECT("Evo[Max "&$H$3&"]")>0)),$G9)),"")} | N9: {=IFERROR(INDEX(INDIRECT("Evo[Req_OVR_Max]"),_xlfn.AGGREGATE(15,6,(ROW(Evo[Evolution_Name])-MIN(ROW(Evo[Evolution_Name]))+1)/((INDIRECT("Evo[Max "&$H$3&"]")=$H9)*(INDIRECT("Evo[Max "&$H$3&"]")>0)),$G9)),"")} | O9: {=IFERROR(INDEX(INDIRECT("Evo[Req_Other]"),_xlfn.AGGREGATE(15,6,(ROW(Evo[Evolution_Name])-MIN(ROW(Evo[Evolution_Name]))+1)/((INDIRECT("Evo[Max "&$H$3&"]")=$H9)*(INDIRECT("Evo[Max "&$H$3&"]")>0)),$G9)),"")}
F10: 2위 | G10: 1 | H10: =_xlfn.MAXIFS(INDIRECT("Evo[Max "&$H$3&"]"),INDIRECT("Evo[Max "&$H$3&"]"),"<"&$H$5,INDIRECT("Evo[Max "&$H$3&"]"),">0") | I10: {=IFERROR(INDEX(Evo[Evolution_Name],_xlfn.AGGREGATE(15,6,(ROW(Evo[Evolution_Name])-MIN(ROW(Evo[Evolution_Name]))+1)/((INDIRECT("Evo[Max "&$H$3&"]")=$H10)*(INDIRECT("Evo[Max "&$H$3&"]")>0)),$G10)),"")} | J10: {=IFERROR(INDEX(INDIRECT("Evo[+ "&$H$3&"]"),_xlfn.AGGREGATE(15,6,(ROW(Evo[Evolution_Name])-MIN(ROW(Evo[Evolution_Name]))+1)/((INDIRECT("Evo[Max "&$H$3&"]")=$H10)*(INDIRECT("Evo[Max "&$H$3&"]")>0)),$G10)),"")} | K10: {=IFERROR(INDEX(INDIRECT("Evo[+ OVR]"),_xlfn.AGGREGATE(15,6,(ROW(Evo[Evolution_Name])-MIN(ROW(Evo[Evolution_Name]))+1)/((INDIRECT("Evo[Max "&$H$3&"]")=$H10)*(INDIRECT("Evo[Max "&$H$3&"]")>0)),$G10)),"")} | L10: {=IFERROR(INDEX(INDIRECT("Evo[Max OVR]"),_xlfn.AGGREGATE(15,6,(ROW(Evo[Evolution_Name])-MIN(ROW(Evo[Evolution_Name]))+1)/((INDIRECT("Evo[Max "&$H$3&"]")=$H10)*(INDIRECT("Evo[Max "&$H$3&"]")>0)),$G10)),"")} | M10: {=IFERROR(INDEX(INDIRECT("Evo[Req_Position]"),_xlfn.AGGREGATE(15,6,(ROW(Evo[Evolution_Name])-MIN(ROW(Evo[Evolution_Name]))+1)/((INDIRECT("Evo[Max "&$H$3&"]")=$H10)*(INDIRECT("Evo[Max "&$H$3&"]")>0)),$G10)),"")} | N10: {=IFERROR(INDEX(INDIRECT("Evo[Req_OVR_Max]"),_xlfn.AGGREGATE(15,6,(ROW(Evo[Evolution_Name])-MIN(ROW(Evo[Evolution_Name]))+1)/((INDIRECT("Evo[Max "&$H$3&"]")=$H10)*(INDIRECT("Evo[Max "&$H$3&"]")>0)),$G10)),"")} | O10: {=IFERROR(INDEX(INDIRECT("Evo[Req_Other]"),_xlfn.AGGREGATE(15,6,(ROW(Evo[Evolution_Name])-MIN(ROW(Evo[Evolution_Name]))+1)/((INDIRECT("Evo[Max "&$H$3&"]")=$H10)*(INDIRECT("Evo[Max "&$H$3&"]")>0)),$G10)),"")}
G11: 2 | H11: =_xlfn.MAXIFS(INDIRECT("Evo[Max "&$H$3&"]"),INDIRECT("Evo[Max "&$H$3&"]"),"<"&$H$5,INDIRECT("Evo[Max "&$H$3&"]"),">0") | I11: {=IFERROR(INDEX(Evo[Evolution_Name],_xlfn.AGGREGATE(15,6,(ROW(Evo[Evolution_Name])-MIN(ROW(Evo[Evolution_Name]))+1)/((INDIRECT("Evo[Max "&$H$3&"]")=$H11)*(INDIRECT("Evo[Max "&$H$3&"]")>0)),$G11)),"")} | J11: {=IFERROR(INDEX(INDIRECT("Evo[+ "&$H$3&"]"),_xlfn.AGGREGATE(15,6,(ROW(Evo[Evolution_Name])-MIN(ROW(Evo[Evolution_Name]))+1)/((INDIRECT("Evo[Max "&$H$3&"]")=$H11)*(INDIRECT("Evo[Max "&$H$3&"]")>0)),$G11)),"")} | K11: {=IFERROR(INDEX(INDIRECT("Evo[+ OVR]"),_xlfn.AGGREGATE(15,6,(ROW(Evo[Evolution_Name])-MIN(ROW(Evo[Evolution_Name]))+1)/((INDIRECT("Evo[Max "&$H$3&"]")=$H11)*(INDIRECT("Evo[Max "&$H$3&"]")>0)),$G11)),"")} | L11: {=IFERROR(INDEX(INDIRECT("Evo[Max OVR]"),_xlfn.AGGREGATE(15,6,(ROW(Evo[Evolution_Name])-MIN(ROW(Evo[Evolution_Name]))+1)/((INDIRECT("Evo[Max "&$H$3&"]")=$H11)*(INDIRECT("Evo[Max "&$H$3&"]")>0)),$G11)),"")} | M11: {=IFERROR(INDEX(INDIRECT("Evo[Req_Position]"),_xlfn.AGGREGATE(15,6,(ROW(Evo[Evolution_Name])-MIN(ROW(Evo[Evolution_Name]))+1)/((INDIRECT("Evo[Max "&$H$3&"]")=$H11)*(INDIRECT("Evo[Max "&$H$3&"]")>0)),$G11)),"")} | N11: {=IFERROR(INDEX(INDIRECT("Evo[Req_OVR_Max]"),_xlfn.AGGREGATE(15,6,(ROW(Evo[Evolution_Name])-MIN(ROW(Evo[Evolution_Name]))+1)/((INDIRECT("Evo[Max "&$H$3&"]")=$H11)*(INDIRECT("Evo[Max "&$H$3&"]")>0)),$G11)),"")} | O11: {=IFERROR(INDEX(INDIRECT("Evo[Req_Other]"),_xlfn.AGGREGATE(15,6,(ROW(Evo[Evolution_Name])-MIN(ROW(Evo[Evolution_Name]))+1)/((INDIRECT("Evo[Max "&$H$3&"]")=$H11)*(INDIRECT("Evo[Max "&$H$3&"]")>0)),$G11)),"")}
G12: 3 | H12: =_xlfn.MAXIFS(INDIRECT("Evo[Max "&$H$3&"]"),INDIRECT("Evo[Max "&$H$3&"]"),"<"&$H$5,INDIRECT("Evo[Max "&$H$3&"]"),">0") | I12: {=IFERROR(INDEX(Evo[Evolution_Name],_xlfn.AGGREGATE(15,6,(ROW(Evo[Evolution_Name])-MIN(ROW(Evo[Evolution_Name]))+1)/((INDIRECT("Evo[Max "&$H$3&"]")=$H12)*(INDIRECT("Evo[Max "&$H$3&"]")>0)),$G12)),"")} | J12: {=IFERROR(INDEX(INDIRECT("Evo[+ "&$H$3&"]"),_xlfn.AGGREGATE(15,6,(ROW(Evo[Evolution_Name])-MIN(ROW(Evo[Evolution_Name]))+1)/((INDIRECT("Evo[Max "&$H$3&"]")=$H12)*(INDIRECT("Evo[Max "&$H$3&"]")>0)),$G12)),"")} | K12: {=IFERROR(INDEX(INDIRECT("Evo[+ OVR]"),_xlfn.AGGREGATE(15,6,(ROW(Evo[Evolution_Name])-MIN(ROW(Evo[Evolution_Name]))+1)/((INDIRECT("Evo[Max "&$H$3&"]")=$H12)*(INDIRECT("Evo[Max "&$H$3&"]")>0)),$G12)),"")} | L12: {=IFERROR(INDEX(INDIRECT("Evo[Max OVR]"),_xlfn.AGGREGATE(15,6,(ROW(Evo[Evolution_Name])-MIN(ROW(Evo[Evolution_Name]))+1)/((INDIRECT("Evo[Max "&$H$3&"]")=$H12)*(INDIRECT("Evo[Max "&$H$3&"]")>0)),$G12)),"")} | M12: {=IFERROR(INDEX(INDIRECT("Evo[Req_Position]"),_xlfn.AGGREGATE(15,6,(ROW(Evo[Evolution_Name])-MIN(ROW(Evo[Evolution_Name]))+1)/((INDIRECT("Evo[Max "&$H$3&"]")=$H12)*(INDIRECT("Evo[Max "&$H$3&"]")>0)),$G12)),"")} | N12: {=IFERROR(INDEX(INDIRECT("Evo[Req_OVR_Max]"),_xlfn.AGGREGATE(15,6,(ROW(Evo[Evolution_Name])-MIN(ROW(Evo[Evolution_Name]))+1)/((INDIRECT("Evo[Max "&$H$3&"]")=$H12)*(INDIRECT("Evo[Max "&$H$3&"]")>0)),$G12)),"")} | O12: {=IFERROR(INDEX(INDIRECT("Evo[Req_Other]"),_xlfn.AGGREGATE(15,6,(ROW(Evo[Evolution_Name])-MIN(ROW(Evo[Evolution_Name]))+1)/((INDIRECT("Evo[Max "&$H$3&"]")=$H12)*(INDIRECT("Evo[Max "&$H$3&"]")>0)),$G12)),"")}
G13: 4 | H13: =_xlfn.MAXIFS(INDIRECT("Evo[Max "&$H$3&"]"),INDIRECT("Evo[Max "&$H$3&"]"),"<"&$H$5,INDIRECT("Evo[Max "&$H$3&"]"),">0") | I13: {=IFERROR(INDEX(Evo[Evolution_Name],_xlfn.AGGREGATE(15,6,(ROW(Evo[Evolution_Name])-MIN(ROW(Evo[Evolution_Name]))+1)/((INDIRECT("Evo[Max "&$H$3&"]")=$H13)*(INDIRECT("Evo[Max "&$H$3&"]")>0)),$G13)),"")} | J13: {=IFERROR(INDEX(INDIRECT("Evo[+ "&$H$3&"]"),_xlfn.AGGREGATE(15,6,(ROW(Evo[Evolution_Name])-MIN(ROW(Evo[Evolution_Name]))+1)/((INDIRECT("Evo[Max "&$H$3&"]")=$H13)*(INDIRECT("Evo[Max "&$H$3&"]")>0)),$G13)),"")} | K13: {=IFERROR(INDEX(INDIRECT("Evo[+ OVR]"),_xlfn.AGGREGATE(15,6,(ROW(Evo[Evolution_Name])-MIN(ROW(Evo[Evolution_Name]))+1)/((INDIRECT("Evo[Max "&$H$3&"]")=$H13)*(INDIRECT("Evo[Max "&$H$3&"]")>0)),$G13)),"")} | L13: {=IFERROR(INDEX(INDIRECT("Evo[Max OVR]"),_xlfn.AGGREGATE(15,6,(ROW(Evo[Evolution_Name])-MIN(ROW(Evo[Evolution_Name]))+1)/((INDIRECT("Evo[Max "&$H$3&"]")=$H13)*(INDIRECT("Evo[Max "&$H$3&"]")>0)),$G13)),"")} | M13: {=IFERROR(INDEX(INDIRECT("Evo[Req_Position]"),_xlfn.AGGREGATE(15,6,(ROW(Evo[Evolution_Name])-MIN(ROW(Evo[Evolution_Name]))+1)/((INDIRECT("Evo[Max "&$H$3&"]")=$H13)*(INDIRECT("Evo[Max "&$H$3&"]")>0)),$G13)),"")} | N13: {=IFERROR(INDEX(INDIRECT("Evo[Req_OVR_Max]"),_xlfn.AGGREGATE(15,6,(ROW(Evo[Evolution_Name])-MIN(ROW(Evo[Evolution_Name]))+1)/((INDIRECT("Evo[Max "&$H$3&"]")=$H13)*(INDIRECT("Evo[Max "&$H$3&"]")>0)),$G13)),"")} | O13: {=IFERROR(INDEX(INDIRECT("Evo[Req_Other]"),_xlfn.AGGREGATE(15,6,(ROW(Evo[Evolution_Name])-MIN(ROW(Evo[Evolution_Name]))+1)/((INDIRECT("Evo[Max "&$H$3&"]")=$H13)*(INDIRECT("Evo[Max "&$H$3&"]")>0)),$G13)),"")}
G14: 5 | H14: =_xlfn.MAXIFS(INDIRECT("Evo[Max "&$H$3&"]"),INDIRECT("Evo[Max "&$H$3&"]"),"<"&$H$5,INDIRECT("Evo[Max "&$H$3&"]"),">0") | I14: {=IFERROR(INDEX(Evo[Evolution_Name],_xlfn.AGGREGATE(15,6,(ROW(Evo[Evolution_Name])-MIN(ROW(Evo[Evolution_Name]))+1)/((INDIRECT("Evo[Max "&$H$3&"]")=$H14)*(INDIRECT("Evo[Max "&$H$3&"]")>0)),$G14)),"")} | J14: {=IFERROR(INDEX(INDIRECT("Evo[+ "&$H$3&"]"),_xlfn.AGGREGATE(15,6,(ROW(Evo[Evolution_Name])-MIN(ROW(Evo[Evolution_Name]))+1)/((INDIRECT("Evo[Max "&$H$3&"]")=$H14)*(INDIRECT("Evo[Max "&$H$3&"]")>0)),$G14)),"")} | K14: {=IFERROR(INDEX(INDIRECT("Evo[+ OVR]"),_xlfn.AGGREGATE(15,6,(ROW(Evo[Evolution_Name])-MIN(ROW(Evo[Evolution_Name]))+1)/((INDIRECT("Evo[Max "&$H$3&"]")=$H14)*(INDIRECT("Evo[Max "&$H$3&"]")>0)),$G14)),"")} | L14: {=IFERROR(INDEX(INDIRECT("Evo[Max OVR]"),_xlfn.AGGREGATE(15,6,(ROW(Evo[Evolution_Name])-MIN(ROW(Evo[Evolution_Name]))+1)/((INDIRECT("Evo[Max "&$H$3&"]")=$H14)*(INDIRECT("Evo[Max "&$H$3&"]")>0)),$G14)),"")} | M14: {=IFERROR(INDEX(INDIRECT("Evo[Req_Position]"),_xlfn.AGGREGATE(15,6,(ROW(Evo[Evolution_Name])-MIN(ROW(Evo[Evolution_Name]))+1)/((INDIRECT("Evo[Max "&$H$3&"]")=$H14)*(INDIRECT("Evo[Max "&$H$3&"]")>0)),$G14)),"")} | N14: {=IFERROR(INDEX(INDIRECT("Evo[Req_OVR_Max]"),_xlfn.AGGREGATE(15,6,(ROW(Evo[Evolution_Name])-MIN(ROW(Evo[Evolution_Name]))+1)/((INDIRECT("Evo[Max "&$H$3&"]")=$H14)*(INDIRECT("Evo[Max "&$H$3&"]")>0)),$G14)),"")} | O14: {=IFERROR(INDEX(INDIRECT("Evo[Req_Other]"),_xlfn.AGGREGATE(15,6,(ROW(Evo[Evolution_Name])-MIN(ROW(Evo[Evolution_Name]))+1)/((INDIRECT("Evo[Max "&$H$3&"]")=$H14)*(INDIRECT("Evo[Max "&$H$3&"]")>0)),$G14)),"")}
F15: 3위 | G15: 1 | H15: =_xlfn.MAXIFS(INDIRECT("Evo[Max "&$H$3&"]"),INDIRECT("Evo[Max "&$H$3&"]"),"<"&$H$10,INDIRECT("Evo[Max "&$H$3&"]"),">0") | I15: {=IFERROR(INDEX(Evo[Evolution_Name],_xlfn.AGGREGATE(15,6,(ROW(Evo[Evolution_Name])-MIN(ROW(Evo[Evolution_Name]))+1)/((INDIRECT("Evo[Max "&$H$3&"]")=$H15)*(INDIRECT("Evo[Max "&$H$3&"]")>0)),$G15)),"")} | J15: {=IFERROR(INDEX(INDIRECT("Evo[+ "&$H$3&"]"),_xlfn.AGGREGATE(15,6,(ROW(Evo[Evolution_Name])-MIN(ROW(Evo[Evolution_Name]))+1)/((INDIRECT("Evo[Max "&$H$3&"]")=$H15)*(INDIRECT("Evo[Max "&$H$3&"]")>0)),$G15)),"")} | K15: {=IFERROR(INDEX(INDIRECT("Evo[+ OVR]"),_xlfn.AGGREGATE(15,6,(ROW(Evo[Evolution_Name])-MIN(ROW(Evo[Evolution_Name]))+1)/((INDIRECT("Evo[Max "&$H$3&"]")=$H15)*(INDIRECT("Evo[Max "&$H$3&"]")>0)),$G15)),"")} | L15: {=IFERROR(INDEX(INDIRECT("Evo[Max OVR]"),_xlfn.AGGREGATE(15,6,(ROW(Evo[Evolution_Name])-MIN(ROW(Evo[Evolution_Name]))+1)/((INDIRECT("Evo[Max "&$H$3&"]")=$H15)*(INDIRECT("Evo[Max "&$H$3&"]")>0)),$G15)),"")} | M15: {=IFERROR(INDEX(INDIRECT("Evo[Req_Position]"),_xlfn.AGGREGATE(15,6,(ROW(Evo[Evolution_Name])-MIN(ROW(Evo[Evolution_Name]))+1)/((INDIRECT("Evo[Max "&$H$3&"]")=$H15)*(INDIRECT("Evo[Max "&$H$3&"]")>0)),$G15)),"")} | N15: {=IFERROR(INDEX(INDIRECT("Evo[Req_OVR_Max]"),_xlfn.AGGREGATE(15,6,(ROW(Evo[Evolution_Name])-MIN(ROW(Evo[Evolution_Name]))+1)/((INDIRECT("Evo[Max "&$H$3&"]")=$H15)*(INDIRECT("Evo[Max "&$H$3&"]")>0)),$G15)),"")} | O15: {=IFERROR(INDEX(INDIRECT("Evo[Req_Other]"),_xlfn.AGGREGATE(15,6,(ROW(Evo[Evolution_Name])-MIN(ROW(Evo[Evolution_Name]))+1)/((INDIRECT("Evo[Max "&$H$3&"]")=$H15)*(INDIRECT("Evo[Max "&$H$3&"]")>0)),$G15)),"")}
G16: 2 | H16: =_xlfn.MAXIFS(INDIRECT("Evo[Max "&$H$3&"]"),INDIRECT("Evo[Max "&$H$3&"]"),"<"&$H$10,INDIRECT("Evo[Max "&$H$3&"]"),">0") | I16: {=IFERROR(INDEX(Evo[Evolution_Name],_xlfn.AGGREGATE(15,6,(ROW(Evo[Evolution_Name])-MIN(ROW(Evo[Evolution_Name]))+1)/((INDIRECT("Evo[Max "&$H$3&"]")=$H16)*(INDIRECT("Evo[Max "&$H$3&"]")>0)),$G16)),"")} | J16: {=IFERROR(INDEX(INDIRECT("Evo[+ "&$H$3&"]"),_xlfn.AGGREGATE(15,6,(ROW(Evo[Evolution_Name])-MIN(ROW(Evo[Evolution_Name]))+1)/((INDIRECT("Evo[Max "&$H$3&"]")=$H16)*(INDIRECT("Evo[Max "&$H$3&"]")>0)),$G16)),"")} | K16: {=IFERROR(INDEX(INDIRECT("Evo[+ OVR]"),_xlfn.AGGREGATE(15,6,(ROW(Evo[Evolution_Name])-MIN(ROW(Evo[Evolution_Name]))+1)/((INDIRECT("Evo[Max "&$H$3&"]")=$H16)*(INDIRECT("Evo[Max "&$H$3&"]")>0)),$G16)),"")} | L16: {=IFERROR(INDEX(INDIRECT("Evo[Max OVR]"),_xlfn.AGGREGATE(15,6,(ROW(Evo[Evolution_Name])-MIN(ROW(Evo[Evolution_Name]))+1)/((INDIRECT("Evo[Max "&$H$3&"]")=$H16)*(INDIRECT("Evo[Max "&$H$3&"]")>0)),$G16)),"")} | M16: {=IFERROR(INDEX(INDIRECT("Evo[Req_Position]"),_xlfn.AGGREGATE(15,6,(ROW(Evo[Evolution_Name])-MIN(ROW(Evo[Evolution_Name]))+1)/((INDIRECT("Evo[Max "&$H$3&"]")=$H16)*(INDIRECT("Evo[Max "&$H$3&"]")>0)),$G16)),"")} | N16: {=IFERROR(INDEX(INDIRECT("Evo[Req_OVR_Max]"),_xlfn.AGGREGATE(15,6,(ROW(Evo[Evolution_Name])-MIN(ROW(Evo[Evolution_Name]))+1)/((INDIRECT("Evo[Max "&$H$3&"]")=$H16)*(INDIRECT("Evo[Max "&$H$3&"]")>0)),$G16)),"")} | O16: {=IFERROR(INDEX(INDIRECT("Evo[Req_Other]"),_xlfn.AGGREGATE(15,6,(ROW(Evo[Evolution_Name])-MIN(ROW(Evo[Evolution_Name]))+1)/((INDIRECT("Evo[Max "&$H$3&"]")=$H16)*(INDIRECT("Evo[Max "&$H$3&"]")>0)),$G16)),"")}
G17: 3 | H17: =_xlfn.MAXIFS(INDIRECT("Evo[Max "&$H$3&"]"),INDIRECT("Evo[Max "&$H$3&"]"),"<"&$H$10,INDIRECT("Evo[Max "&$H$3&"]"),">0") | I17: {=IFERROR(INDEX(Evo[Evolution_Name],_xlfn.AGGREGATE(15,6,(ROW(Evo[Evolution_Name])-MIN(ROW(Evo[Evolution_Name]))+1)/((INDIRECT("Evo[Max "&$H$3&"]")=$H17)*(INDIRECT("Evo[Max "&$H$3&"]")>0)),$G17)),"")} | J17: {=IFERROR(INDEX(INDIRECT("Evo[+ "&$H$3&"]"),_xlfn.AGGREGATE(15,6,(ROW(Evo[Evolution_Name])-MIN(ROW(Evo[Evolution_Name]))+1)/((INDIRECT("Evo[Max "&$H$3&"]")=$H17)*(INDIRECT("Evo[Max "&$H$3&"]")>0)),$G17)),"")} | K17: {=IFERROR(INDEX(INDIRECT("Evo[+ OVR]"),_xlfn.AGGREGATE(15,6,(ROW(Evo[Evolution_Name])-MIN(ROW(Evo[Evolution_Name]))+1)/((INDIRECT("Evo[Max "&$H$3&"]")=$H17)*(INDIRECT("Evo[Max "&$H$3&"]")>0)),$G17)),"")} | L17: {=IFERROR(INDEX(INDIRECT("Evo[Max OVR]"),_xlfn.AGGREGATE(15,6,(ROW(Evo[Evolution_Name])-MIN(ROW(Evo[Evolution_Name]))+1)/((INDIRECT("Evo[Max "&$H$3&"]")=$H17)*(INDIRECT("Evo[Max "&$H$3&"]")>0)),$G17)),"")} | M17: {=IFERROR(INDEX(INDIRECT("Evo[Req_Position]"),_xlfn.AGGREGATE(15,6,(ROW(Evo[Evolution_Name])-MIN(ROW(Evo[Evolution_Name]))+1)/((INDIRECT("Evo[Max "&$H$3&"]")=$H17)*(INDIRECT("Evo[Max "&$H$3&"]")>0)),$G17)),"")} | N17: {=IFERROR(INDEX(INDIRECT("Evo[Req_OVR_Max]"),_xlfn.AGGREGATE(15,6,(ROW(Evo[Evolution_Name])-MIN(ROW(Evo[Evolution_Name]))+1)/((INDIRECT("Evo[Max "&$H$3&"]")=$H17)*(INDIRECT("Evo[Max "&$H$3&"]")>0)),$G17)),"")} | O17: {=IFERROR(INDEX(INDIRECT("Evo[Req_Other]"),_xlfn.AGGREGATE(15,6,(ROW(Evo[Evolution_Name])-MIN(ROW(Evo[Evolution_Name]))+1)/((INDIRECT("Evo[Max "&$H$3&"]")=$H17)*(INDIRECT("Evo[Max "&$H$3&"]")>0)),$G17)),"")}
G18: 4 | H18: =_xlfn.MAXIFS(INDIRECT("Evo[Max "&$H$3&"]"),INDIRECT("Evo[Max "&$H$3&"]"),"<"&$H$10,INDIRECT("Evo[Max "&$H$3&"]"),">0") | I18: {=IFERROR(INDEX(Evo[Evolution_Name],_xlfn.AGGREGATE(15,6,(ROW(Evo[Evolution_Name])-MIN(ROW(Evo[Evolution_Name]))+1)/((INDIRECT("Evo[Max "&$H$3&"]")=$H18)*(INDIRECT("Evo[Max "&$H$3&"]")>0)),$G18)),"")} | J18: {=IFERROR(INDEX(INDIRECT("Evo[+ "&$H$3&"]"),_xlfn.AGGREGATE(15,6,(ROW(Evo[Evolution_Name])-MIN(ROW(Evo[Evolution_Name]))+1)/((INDIRECT("Evo[Max "&$H$3&"]")=$H18)*(INDIRECT("Evo[Max "&$H$3&"]")>0)),$G18)),"")} | K18: {=IFERROR(INDEX(INDIRECT("Evo[+ OVR]"),_xlfn.AGGREGATE(15,6,(ROW(Evo[Evolution_Name])-MIN(ROW(Evo[Evolution_Name]))+1)/((INDIRECT("Evo[Max "&$H$3&"]")=$H18)*(INDIRECT("Evo[Max "&$H$3&"]")>0)),$G18)),"")} | L18: {=IFERROR(INDEX(INDIRECT("Evo[Max OVR]"),_xlfn.AGGREGATE(15,6,(ROW(Evo[Evolution_Name])-MIN(ROW(Evo[Evolution_Name]))+1)/((INDIRECT("Evo[Max "&$H$3&"]")=$H18)*(INDIRECT("Evo[Max "&$H$3&"]")>0)),$G18)),"")} | M18: {=IFERROR(INDEX(INDIRECT("Evo[Req_Position]"),_xlfn.AGGREGATE(15,6,(ROW(Evo[Evolution_Name])-MIN(ROW(Evo[Evolution_Name]))+1)/((INDIRECT("Evo[Max "&$H$3&"]")=$H18)*(INDIRECT("Evo[Max "&$H$3&"]")>0)),$G18)),"")} | N18: {=IFERROR(INDEX(INDIRECT("Evo[Req_OVR_Max]"),_xlfn.AGGREGATE(15,6,(ROW(Evo[Evolution_Name])-MIN(ROW(Evo[Evolution_Name]))+1)/((INDIRECT("Evo[Max "&$H$3&"]")=$H18)*(INDIRECT("Evo[Max "&$H$3&"]")>0)),$G18)),"")} | O18: {=IFERROR(INDEX(INDIRECT("Evo[Req_Other]"),_xlfn.AGGREGATE(15,6,(ROW(Evo[Evolution_Name])-MIN(ROW(Evo[Evolution_Name]))+1)/((INDIRECT("Evo[Max "&$H$3&"]")=$H18)*(INDIRECT("Evo[Max "&$H$3&"]")>0)),$G18)),"")}
G19: 5 | H19: =_xlfn.MAXIFS(INDIRECT("Evo[Max "&$H$3&"]"),INDIRECT("Evo[Max "&$H$3&"]"),"<"&$H$10,INDIRECT("Evo[Max "&$H$3&"]"),">0") | I19: {=IFERROR(INDEX(Evo[Evolution_Name],_xlfn.AGGREGATE(15,6,(ROW(Evo[Evolution_Name])-MIN(ROW(Evo[Evolution_Name]))+1)/((INDIRECT("Evo[Max "&$H$3&"]")=$H19)*(INDIRECT("Evo[Max "&$H$3&"]")>0)),$G19)),"")} | J19: {=IFERROR(INDEX(INDIRECT("Evo[+ "&$H$3&"]"),_xlfn.AGGREGATE(15,6,(ROW(Evo[Evolution_Name])-MIN(ROW(Evo[Evolution_Name]))+1)/((INDIRECT("Evo[Max "&$H$3&"]")=$H19)*(INDIRECT("Evo[Max "&$H$3&"]")>0)),$G19)),"")} | K19: {=IFERROR(INDEX(INDIRECT("Evo[+ OVR]"),_xlfn.AGGREGATE(15,6,(ROW(Evo[Evolution_Name])-MIN(ROW(Evo[Evolution_Name]))+1)/((INDIRECT("Evo[Max "&$H$3&"]")=$H19)*(INDIRECT("Evo[Max "&$H$3&"]")>0)),$G19)),"")} | L19: {=IFERROR(INDEX(INDIRECT("Evo[Max OVR]"),_xlfn.AGGREGATE(15,6,(ROW(Evo[Evolution_Name])-MIN(ROW(Evo[Evolution_Name]))+1)/((INDIRECT("Evo[Max "&$H$3&"]")=$H19)*(INDIRECT("Evo[Max "&$H$3&"]")>0)),$G19)),"")} | M19: {=IFERROR(INDEX(INDIRECT("Evo[Req_Position]"),_xlfn.AGGREGATE(15,6,(ROW(Evo[Evolution_Name])-MIN(ROW(Evo[Evolution_Name]))+1)/((INDIRECT("Evo[Max "&$H$3&"]")=$H19)*(INDIRECT("Evo[Max "&$H$3&"]")>0)),$G19)),"")} | N19: {=IFERROR(INDEX(INDIRECT("Evo[Req_OVR_Max]"),_xlfn.AGGREGATE(15,6,(ROW(Evo[Evolution_Name])-MIN(ROW(Evo[Evolution_Name]))+1)/((INDIRECT("Evo[Max "&$H$3&"]")=$H19)*(INDIRECT("Evo[Max "&$H$3&"]")>0)),$G19)),"")} | O19: {=IFERROR(INDEX(INDIRECT("Evo[Req_Other]"),_xlfn.AGGREGATE(15,6,(ROW(Evo[Evolution_Name])-MIN(ROW(Evo[Evolution_Name]))+1)/((INDIRECT("Evo[Max "&$H$3&"]")=$H19)*(INDIRECT("Evo[Max "&$H$3&"]")>0)),$G19)),"")}
F20: 4위 | G20: 1 | H20: =_xlfn.MAXIFS(INDIRECT("Evo[Max "&$H$3&"]"),INDIRECT("Evo[Max "&$H$3&"]"),"<"&$H$15,INDIRECT("Evo[Max "&$H$3&"]"),">0") | I20: {=IFERROR(INDEX(Evo[Evolution_Name],_xlfn.AGGREGATE(15,6,(ROW(Evo[Evolution_Name])-MIN(ROW(Evo[Evolution_Name]))+1)/((INDIRECT("Evo[Max "&$H$3&"]")=$H20)*(INDIRECT("Evo[Max "&$H$3&"]")>0)),$G20)),"")} | J20: {=IFERROR(INDEX(INDIRECT("Evo[+ "&$H$3&"]"),_xlfn.AGGREGATE(15,6,(ROW(Evo[Evolution_Name])-MIN(ROW(Evo[Evolution_Name]))+1)/((INDIRECT("Evo[Max "&$H$3&"]")=$H20)*(INDIRECT("Evo[Max "&$H$3&"]")>0)),$G20)),"")} | K20: {=IFERROR(INDEX(INDIRECT("Evo[+ OVR]"),_xlfn.AGGREGATE(15,6,(ROW(Evo[Evolution_Name])-MIN(ROW(Evo[Evolution_Name]))+1)/((INDIRECT("Evo[Max "&$H$3&"]")=$H20)*(INDIRECT("Evo[Max "&$H$3&"]")>0)),$G20)),"")} | L20: {=IFERROR(INDEX(INDIRECT("Evo[Max OVR]"),_xlfn.AGGREGATE(15,6,(ROW(Evo[Evolution_Name])-MIN(ROW(Evo[Evolution_Name]))+1)/((INDIRECT("Evo[Max "&$H$3&"]")=$H20)*(INDIRECT("Evo[Max "&$H$3&"]")>0)),$G20)),"")} | M20: {=IFERROR(INDEX(INDIRECT("Evo[Req_Position]"),_xlfn.AGGREGATE(15,6,(ROW(Evo[Evolution_Name])-MIN(ROW(Evo[Evolution_Name]))+1)/((INDIRECT("Evo[Max "&$H$3&"]")=$H20)*(INDIRECT("Evo[Max "&$H$3&"]")>0)),$G20)),"")} | N20: {=IFERROR(INDEX(INDIRECT("Evo[Req_OVR_Max]"),_xlfn.AGGREGATE(15,6,(ROW(Evo[Evolution_Name])-MIN(ROW(Evo[Evolution_Name]))+1)/((INDIRECT("Evo[Max "&$H$3&"]")=$H20)*(INDIRECT("Evo[Max "&$H$3&"]")>0)),$G20)),"")} | O20: {=IFERROR(INDEX(INDIRECT("Evo[Req_Other]"),_xlfn.AGGREGATE(15,6,(ROW(Evo[Evolution_Name])-MIN(ROW(Evo[Evolution_Name]))+1)/((INDIRECT("Evo[Max "&$H$3&"]")=$H20)*(INDIRECT("Evo[Max "&$H$3&"]")>0)),$G20)),"")}
G21: 2 | H21: =_xlfn.MAXIFS(INDIRECT("Evo[Max "&$H$3&"]"),INDIRECT("Evo[Max "&$H$3&"]"),"<"&$H$15,INDIRECT("Evo[Max "&$H$3&"]"),">0") | I21: {=IFERROR(INDEX(Evo[Evolution_Name],_xlfn.AGGREGATE(15,6,(ROW(Evo[Evolution_Name])-MIN(ROW(Evo[Evolution_Name]))+1)/((INDIRECT("Evo[Max "&$H$3&"]")=$H21)*(INDIRECT("Evo[Max "&$H$3&"]")>0)),$G21)),"")} | J21: {=IFERROR(INDEX(INDIRECT("Evo[+ "&$H$3&"]"),_xlfn.AGGREGATE(15,6,(ROW(Evo[Evolution_Name])-MIN(ROW(Evo[Evolution_Name]))+1)/((INDIRECT("Evo[Max "&$H$3&"]")=$H21)*(INDIRECT("Evo[Max "&$H$3&"]")>0)),$G21)),"")} | K21: {=IFERROR(INDEX(INDIRECT("Evo[+ OVR]"),_xlfn.AGGREGATE(15,6,(ROW(Evo[Evolution_Name])-MIN(ROW(Evo[Evolution_Name]))+1)/((INDIRECT("Evo[Max "&$H$3&"]")=$H21)*(INDIRECT("Evo[Max "&$H$3&"]")>0)),$G21)),"")} | L21: {=IFERROR(INDEX(INDIRECT("Evo[Max OVR]"),_xlfn.AGGREGATE(15,6,(ROW(Evo[Evolution_Name])-MIN(ROW(Evo[Evolution_Name]))+1)/((INDIRECT("Evo[Max "&$H$3&"]")=$H21)*(INDIRECT("Evo[Max "&$H$3&"]")>0)),$G21)),"")} | M21: {=IFERROR(INDEX(INDIRECT("Evo[Req_Position]"),_xlfn.AGGREGATE(15,6,(ROW(Evo[Evolution_Name])-MIN(ROW(Evo[Evolution_Name]))+1)/((INDIRECT("Evo[Max "&$H$3&"]")=$H21)*(INDIRECT("Evo[Max "&$H$3&"]")>0)),$G21)),"")} | N21: {=IFERROR(INDEX(INDIRECT("Evo[Req_OVR_Max]"),_xlfn.AGGREGATE(15,6,(ROW(Evo[Evolution_Name])-MIN(ROW(Evo[Evolution_Name]))+1)/((INDIRECT("Evo[Max "&$H$3&"]")=$H21)*(INDIRECT("Evo[Max "&$H$3&"]")>0)),$G21)),"")} | O21: {=IFERROR(INDEX(INDIRECT("Evo[Req_Other]"),_xlfn.AGGREGATE(15,6,(ROW(Evo[Evolution_Name])-MIN(ROW(Evo[Evolution_Name]))+1)/((INDIRECT("Evo[Max "&$H$3&"]")=$H21)*(INDIRECT("Evo[Max "&$H$3&"]")>0)),$G21)),"")}
G22: 3 | H22: =_xlfn.MAXIFS(INDIRECT("Evo[Max "&$H$3&"]"),INDIRECT("Evo[Max "&$H$3&"]"),"<"&$H$15,INDIRECT("Evo[Max "&$H$3&"]"),">0") | I22: {=IFERROR(INDEX(Evo[Evolution_Name],_xlfn.AGGREGATE(15,6,(ROW(Evo[Evolution_Name])-MIN(ROW(Evo[Evolution_Name]))+1)/((INDIRECT("Evo[Max "&$H$3&"]")=$H22)*(INDIRECT("Evo[Max "&$H$3&"]")>0)),$G22)),"")} | J22: {=IFERROR(INDEX(INDIRECT("Evo[+ "&$H$3&"]"),_xlfn.AGGREGATE(15,6,(ROW(Evo[Evolution_Name])-MIN(ROW(Evo[Evolution_Name]))+1)/((INDIRECT("Evo[Max "&$H$3&"]")=$H22)*(INDIRECT("Evo[Max "&$H$3&"]")>0)),$G22)),"")} | K22: {=IFERROR(INDEX(INDIRECT("Evo[+ OVR]"),_xlfn.AGGREGATE(15,6,(ROW(Evo[Evolution_Name])-MIN(ROW(Evo[Evolution_Name]))+1)/((INDIRECT("Evo[Max "&$H$3&"]")=$H22)*(INDIRECT("Evo[Max "&$H$3&"]")>0)),$G22)),"")} | L22: {=IFERROR(INDEX(INDIRECT("Evo[Max OVR]"),_xlfn.AGGREGATE(15,6,(ROW(Evo[Evolution_Name])-MIN(ROW(Evo[Evolution_Name]))+1)/((INDIRECT("Evo[Max "&$H$3&"]")=$H22)*(INDIRECT("Evo[Max "&$H$3&"]")>0)),$G22)),"")} | M22: {=IFERROR(INDEX(INDIRECT("Evo[Req_Position]"),_xlfn.AGGREGATE(15,6,(ROW(Evo[Evolution_Name])-MIN(ROW(Evo[Evolution_Name]))+1)/((INDIRECT("Evo[Max "&$H$3&"]")=$H22)*(INDIRECT("Evo[Max "&$H$3&"]")>0)),$G22)),"")} | N22: {=IFERROR(INDEX(INDIRECT("Evo[Req_OVR_Max]"),_xlfn.AGGREGATE(15,6,(ROW(Evo[Evolution_Name])-MIN(ROW(Evo[Evolution_Name]))+1)/((INDIRECT("Evo[Max "&$H$3&"]")=$H22)*(INDIRECT("Evo[Max "&$H$3&"]")>0)),$G22)),"")} | O22: {=IFERROR(INDEX(INDIRECT("Evo[Req_Other]"),_xlfn.AGGREGATE(15,6,(ROW(Evo[Evolution_Name])-MIN(ROW(Evo[Evolution_Name]))+1)/((INDIRECT("Evo[Max "&$H$3&"]")=$H22)*(INDIRECT("Evo[Max "&$H$3&"]")>0)),$G22)),"")}
G23: 4 | H23: =_xlfn.MAXIFS(INDIRECT("Evo[Max "&$H$3&"]"),INDIRECT("Evo[Max "&$H$3&"]"),"<"&$H$15,INDIRECT("Evo[Max "&$H$3&"]"),">0") | I23: {=IFERROR(INDEX(Evo[Evolution_Name],_xlfn.AGGREGATE(15,6,(ROW(Evo[Evolution_Name])-MIN(ROW(Evo[Evolution_Name]))+1)/((INDIRECT("Evo[Max "&$H$3&"]")=$H23)*(INDIRECT("Evo[Max "&$H$3&"]")>0)),$G23)),"")} | J23: {=IFERROR(INDEX(INDIRECT("Evo[+ "&$H$3&"]"),_xlfn.AGGREGATE(15,6,(ROW(Evo[Evolution_Name])-MIN(ROW(Evo[Evolution_Name]))+1)/((INDIRECT("Evo[Max "&$H$3&"]")=$H23)*(INDIRECT("Evo[Max "&$H$3&"]")>0)),$G23)),"")} | K23: {=IFERROR(INDEX(INDIRECT("Evo[+ OVR]"),_xlfn.AGGREGATE(15,6,(ROW(Evo[Evolution_Name])-MIN(ROW(Evo[Evolution_Name]))+1)/((INDIRECT("Evo[Max "&$H$3&"]")=$H23)*(INDIRECT("Evo[Max "&$H$3&"]")>0)),$G23)),"")} | L23: {=IFERROR(INDEX(INDIRECT("Evo[Max OVR]"),_xlfn.AGGREGATE(15,6,(ROW(Evo[Evolution_Name])-MIN(ROW(Evo[Evolution_Name]))+1)/((INDIRECT("Evo[Max "&$H$3&"]")=$H23)*(INDIRECT("Evo[Max "&$H$3&"]")>0)),$G23)),"")} | M23: {=IFERROR(INDEX(INDIRECT("Evo[Req_Position]"),_xlfn.AGGREGATE(15,6,(ROW(Evo[Evolution_Name])-MIN(ROW(Evo[Evolution_Name]))+1)/((INDIRECT("Evo[Max "&$H$3&"]")=$H23)*(INDIRECT("Evo[Max "&$H$3&"]")>0)),$G23)),"")} | N23: {=IFERROR(INDEX(INDIRECT("Evo[Req_OVR_Max]"),_xlfn.AGGREGATE(15,6,(ROW(Evo[Evolution_Name])-MIN(ROW(Evo[Evolution_Name]))+1)/((INDIRECT("Evo[Max "&$H$3&"]")=$H23)*(INDIRECT("Evo[Max "&$H$3&"]")>0)),$G23)),"")} | O23: {=IFERROR(INDEX(INDIRECT("Evo[Req_Other]"),_xlfn.AGGREGATE(15,6,(ROW(Evo[Evolution_Name])-MIN(ROW(Evo[Evolution_Name]))+1)/((INDIRECT("Evo[Max "&$H$3&"]")=$H23)*(INDIRECT("Evo[Max "&$H$3&"]")>0)),$G23)),"")}
G24: 5 | H24: =_xlfn.MAXIFS(INDIRECT("Evo[Max "&$H$3&"]"),INDIRECT("Evo[Max "&$H$3&"]"),"<"&$H$15,INDIRECT("Evo[Max "&$H$3&"]"),">0") | I24: {=IFERROR(INDEX(Evo[Evolution_Name],_xlfn.AGGREGATE(15,6,(ROW(Evo[Evolution_Name])-MIN(ROW(Evo[Evolution_Name]))+1)/((INDIRECT("Evo[Max "&$H$3&"]")=$H24)*(INDIRECT("Evo[Max "&$H$3&"]")>0)),$G24)),"")} | J24: {=IFERROR(INDEX(INDIRECT("Evo[+ "&$H$3&"]"),_xlfn.AGGREGATE(15,6,(ROW(Evo[Evolution_Name])-MIN(ROW(Evo[Evolution_Name]))+1)/((INDIRECT("Evo[Max "&$H$3&"]")=$H24)*(INDIRECT("Evo[Max "&$H$3&"]")>0)),$G24)),"")} | K24: {=IFERROR(INDEX(INDIRECT("Evo[+ OVR]"),_xlfn.AGGREGATE(15,6,(ROW(Evo[Evolution_Name])-MIN(ROW(Evo[Evolution_Name]))+1)/((INDIRECT("Evo[Max "&$H$3&"]")=$H24)*(INDIRECT("Evo[Max "&$H$3&"]")>0)),$G24)),"")} | L24: {=IFERROR(INDEX(INDIRECT("Evo[Max OVR]"),_xlfn.AGGREGATE(15,6,(ROW(Evo[Evolution_Name])-MIN(ROW(Evo[Evolution_Name]))+1)/((INDIRECT("Evo[Max "&$H$3&"]")=$H24)*(INDIRECT("Evo[Max "&$H$3&"]")>0)),$G24)),"")} | M24: {=IFERROR(INDEX(INDIRECT("Evo[Req_Position]"),_xlfn.AGGREGATE(15,6,(ROW(Evo[Evolution_Name])-MIN(ROW(Evo[Evolution_Name]))+1)/((INDIRECT("Evo[Max "&$H$3&"]")=$H24)*(INDIRECT("Evo[Max "&$H$3&"]")>0)),$G24)),"")} | N24: {=IFERROR(INDEX(INDIRECT("Evo[Req_OVR_Max]"),_xlfn.AGGREGATE(15,6,(ROW(Evo[Evolution_Name])-MIN(ROW(Evo[Evolution_Name]))+1)/((INDIRECT("Evo[Max "&$H$3&"]")=$H24)*(INDIRECT("Evo[Max "&$H$3&"]")>0)),$G24)),"")} | O24: {=IFERROR(INDEX(INDIRECT("Evo[Req_Other]"),_xlfn.AGGREGATE(15,6,(ROW(Evo[Evolution_Name])-MIN(ROW(Evo[Evolution_Name]))+1)/((INDIRECT("Evo[Max "&$H$3&"]")=$H24)*(INDIRECT("Evo[Max "&$H$3&"]")>0)),$G24)),"")}
F25: 5위 | G25: 1 | H25: =_xlfn.MAXIFS(INDIRECT("Evo[Max "&$H$3&"]"),INDIRECT("Evo[Max "&$H$3&"]"),"<"&$H$20,INDIRECT("Evo[Max "&$H$3&"]"),">0") | I25: {=IFERROR(INDEX(Evo[Evolution_Name],_xlfn.AGGREGATE(15,6,(ROW(Evo[Evolution_Name])-MIN(ROW(Evo[Evolution_Name]))+1)/((INDIRECT("Evo[Max "&$H$3&"]")=$H25)*(INDIRECT("Evo[Max "&$H$3&"]")>0)),$G25)),"")} | J25: {=IFERROR(INDEX(INDIRECT("Evo[+ "&$H$3&"]"),_xlfn.AGGREGATE(15,6,(ROW(Evo[Evolution_Name])-MIN(ROW(Evo[Evolution_Name]))+1)/((INDIRECT("Evo[Max "&$H$3&"]")=$H25)*(INDIRECT("Evo[Max "&$H$3&"]")>0)),$G25)),"")} | K25: {=IFERROR(INDEX(INDIRECT("Evo[+ OVR]"),_xlfn.AGGREGATE(15,6,(ROW(Evo[Evolution_Name])-MIN(ROW(Evo[Evolution_Name]))+1)/((INDIRECT("Evo[Max "&$H$3&"]")=$H25)*(INDIRECT("Evo[Max "&$H$3&"]")>0)),$G25)),"")} | L25: {=IFERROR(INDEX(INDIRECT("Evo[Max OVR]"),_xlfn.AGGREGATE(15,6,(ROW(Evo[Evolution_Name])-MIN(ROW(Evo[Evolution_Name]))+1)/((INDIRECT("Evo[Max "&$H$3&"]")=$H25)*(INDIRECT("Evo[Max "&$H$3&"]")>0)),$G25)),"")} | M25: {=IFERROR(INDEX(INDIRECT("Evo[Req_Position]"),_xlfn.AGGREGATE(15,6,(ROW(Evo[Evolution_Name])-MIN(ROW(Evo[Evolution_Name]))+1)/((INDIRECT("Evo[Max "&$H$3&"]")=$H25)*(INDIRECT("Evo[Max "&$H$3&"]")>0)),$G25)),"")} | N25: {=IFERROR(INDEX(INDIRECT("Evo[Req_OVR_Max]"),_xlfn.AGGREGATE(15,6,(ROW(Evo[Evolution_Name])-MIN(ROW(Evo[Evolution_Name]))+1)/((INDIRECT("Evo[Max "&$H$3&"]")=$H25)*(INDIRECT("Evo[Max "&$H$3&"]")>0)),$G25)),"")} | O25: {=IFERROR(INDEX(INDIRECT("Evo[Req_Other]"),_xlfn.AGGREGATE(15,6,(ROW(Evo[Evolution_Name])-MIN(ROW(Evo[Evolution_Name]))+1)/((INDIRECT("Evo[Max "&$H$3&"]")=$H25)*(INDIRECT("Evo[Max "&$H$3&"]")>0)),$G25)),"")}
G26: 2 | H26: =_xlfn.MAXIFS(INDIRECT("Evo[Max "&$H$3&"]"),INDIRECT("Evo[Max "&$H$3&"]"),"<"&$H$20,INDIRECT("Evo[Max "&$H$3&"]"),">0") | I26: {=IFERROR(INDEX(Evo[Evolution_Name],_xlfn.AGGREGATE(15,6,(ROW(Evo[Evolution_Name])-MIN(ROW(Evo[Evolution_Name]))+1)/((INDIRECT("Evo[Max "&$H$3&"]")=$H26)*(INDIRECT("Evo[Max "&$H$3&"]")>0)),$G26)),"")} | J26: {=IFERROR(INDEX(INDIRECT("Evo[+ "&$H$3&"]"),_xlfn.AGGREGATE(15,6,(ROW(Evo[Evolution_Name])-MIN(ROW(Evo[Evolution_Name]))+1)/((INDIRECT("Evo[Max "&$H$3&"]")=$H26)*(INDIRECT("Evo[Max "&$H$3&"]")>0)),$G26)),"")} | K26: {=IFERROR(INDEX(INDIRECT("Evo[+ OVR]"),_xlfn.AGGREGATE(15,6,(ROW(Evo[Evolution_Name])-MIN(ROW(Evo[Evolution_Name]))+1)/((INDIRECT("Evo[Max "&$H$3&"]")=$H26)*(INDIRECT("Evo[Max "&$H$3&"]")>0)),$G26)),"")} | L26: {=IFERROR(INDEX(INDIRECT("Evo[Max OVR]"),_xlfn.AGGREGATE(15,6,(ROW(Evo[Evolution_Name])-MIN(ROW(Evo[Evolution_Name]))+1)/((INDIRECT("Evo[Max "&$H$3&"]")=$H26)*(INDIRECT("Evo[Max "&$H$3&"]")>0)),$G26)),"")} | M26: {=IFERROR(INDEX(INDIRECT("Evo[Req_Position]"),_xlfn.AGGREGATE(15,6,(ROW(Evo[Evolution_Name])-MIN(ROW(Evo[Evolution_Name]))+1)/((INDIRECT("Evo[Max "&$H$3&"]")=$H26)*(INDIRECT("Evo[Max "&$H$3&"]")>0)),$G26)),"")} | N26: {=IFERROR(INDEX(INDIRECT("Evo[Req_OVR_Max]"),_xlfn.AGGREGATE(15,6,(ROW(Evo[Evolution_Name])-MIN(ROW(Evo[Evolution_Name]))+1)/((INDIRECT("Evo[Max "&$H$3&"]")=$H26)*(INDIRECT("Evo[Max "&$H$3&"]")>0)),$G26)),"")} | O26: {=IFERROR(INDEX(INDIRECT("Evo[Req_Other]"),_xlfn.AGGREGATE(15,6,(ROW(Evo[Evolution_Name])-MIN(ROW(Evo[Evolution_Name]))+1)/((INDIRECT("Evo[Max "&$H$3&"]")=$H26)*(INDIRECT("Evo[Max "&$H$3&"]")>0)),$G26)),"")}
G27: 3 | H27: =_xlfn.MAXIFS(INDIRECT("Evo[Max "&$H$3&"]"),INDIRECT("Evo[Max "&$H$3&"]"),"<"&$H$20,INDIRECT("Evo[Max "&$H$3&"]"),">0") | I27: {=IFERROR(INDEX(Evo[Evolution_Name],_xlfn.AGGREGATE(15,6,(ROW(Evo[Evolution_Name])-MIN(ROW(Evo[Evolution_Name]))+1)/((INDIRECT("Evo[Max "&$H$3&"]")=$H27)*(INDIRECT("Evo[Max "&$H$3&"]")>0)),$G27)),"")} | J27: {=IFERROR(INDEX(INDIRECT("Evo[+ "&$H$3&"]"),_xlfn.AGGREGATE(15,6,(ROW(Evo[Evolution_Name])-MIN(ROW(Evo[Evolution_Name]))+1)/((INDIRECT("Evo[Max "&$H$3&"]")=$H27)*(INDIRECT("Evo[Max "&$H$3&"]")>0)),$G27)),"")} | K27: {=IFERROR(INDEX(INDIRECT("Evo[+ OVR]"),_xlfn.AGGREGATE(15,6,(ROW(Evo[Evolution_Name])-MIN(ROW(Evo[Evolution_Name]))+1)/((INDIRECT("Evo[Max "&$H$3&"]")=$H27)*(INDIRECT("Evo[Max "&$H$3&"]")>0)),$G27)),"")} | L27: {=IFERROR(INDEX(INDIRECT("Evo[Max OVR]"),_xlfn.AGGREGATE(15,6,(ROW(Evo[Evolution_Name])-MIN(ROW(Evo[Evolution_Name]))+1)/((INDIRECT("Evo[Max "&$H$3&"]")=$H27)*(INDIRECT("Evo[Max "&$H$3&"]")>0)),$G27)),"")} | M27: {=IFERROR(INDEX(INDIRECT("Evo[Req_Position]"),_xlfn.AGGREGATE(15,6,(ROW(Evo[Evolution_Name])-MIN(ROW(Evo[Evolution_Name]))+1)/((INDIRECT("Evo[Max "&$H$3&"]")=$H27)*(INDIRECT("Evo[Max "&$H$3&"]")>0)),$G27)),"")} | N27: {=IFERROR(INDEX(INDIRECT("Evo[Req_OVR_Max]"),_xlfn.AGGREGATE(15,6,(ROW(Evo[Evolution_Name])-MIN(ROW(Evo[Evolution_Name]))+1)/((INDIRECT("Evo[Max "&$H$3&"]")=$H27)*(INDIRECT("Evo[Max "&$H$3&"]")>0)),$G27)),"")} | O27: {=IFERROR(INDEX(INDIRECT("Evo[Req_Other]"),_xlfn.AGGREGATE(15,6,(ROW(Evo[Evolution_Name])-MIN(ROW(Evo[Evolution_Name]))+1)/((INDIRECT("Evo[Max "&$H$3&"]")=$H27)*(INDIRECT("Evo[Max "&$H$3&"]")>0)),$G27)),"")}
G28: 4 | H28: =_xlfn.MAXIFS(INDIRECT("Evo[Max "&$H$3&"]"),INDIRECT("Evo[Max "&$H$3&"]"),"<"&$H$20,INDIRECT("Evo[Max "&$H$3&"]"),">0") | I28: {=IFERROR(INDEX(Evo[Evolution_Name],_xlfn.AGGREGATE(15,6,(ROW(Evo[Evolution_Name])-MIN(ROW(Evo[Evolution_Name]))+1)/((INDIRECT("Evo[Max "&$H$3&"]")=$H28)*(INDIRECT("Evo[Max "&$H$3&"]")>0)),$G28)),"")} | J28: {=IFERROR(INDEX(INDIRECT("Evo[+ "&$H$3&"]"),_xlfn.AGGREGATE(15,6,(ROW(Evo[Evolution_Name])-MIN(ROW(Evo[Evolution_Name]))+1)/((INDIRECT("Evo[Max "&$H$3&"]")=$H28)*(INDIRECT("Evo[Max "&$H$3&"]")>0)),$G28)),"")} | K28: {=IFERROR(INDEX(INDIRECT("Evo[+ OVR]"),_xlfn.AGGREGATE(15,6,(ROW(Evo[Evolution_Name])-MIN(ROW(Evo[Evolution_Name]))+1)/((INDIRECT("Evo[Max "&$H$3&"]")=$H28)*(INDIRECT("Evo[Max "&$H$3&"]")>0)),$G28)),"")} | L28: {=IFERROR(INDEX(INDIRECT("Evo[Max OVR]"),_xlfn.AGGREGATE(15,6,(ROW(Evo[Evolution_Name])-MIN(ROW(Evo[Evolution_Name]))+1)/((INDIRECT("Evo[Max "&$H$3&"]")=$H28)*(INDIRECT("Evo[Max "&$H$3&"]")>0)),$G28)),"")} | M28: {=IFERROR(INDEX(INDIRECT("Evo[Req_Position]"),_xlfn.AGGREGATE(15,6,(ROW(Evo[Evolution_Name])-MIN(ROW(Evo[Evolution_Name]))+1)/((INDIRECT("Evo[Max "&$H$3&"]")=$H28)*(INDIRECT("Evo[Max "&$H$3&"]")>0)),$G28)),"")} | N28: {=IFERROR(INDEX(INDIRECT("Evo[Req_OVR_Max]"),_xlfn.AGGREGATE(15,6,(ROW(Evo[Evolution_Name])-MIN(ROW(Evo[Evolution_Name]))+1)/((INDIRECT("Evo[Max "&$H$3&"]")=$H28)*(INDIRECT("Evo[Max "&$H$3&"]")>0)),$G28)),"")} | O28: {=IFERROR(INDEX(INDIRECT("Evo[Req_Other]"),_xlfn.AGGREGATE(15,6,(ROW(Evo[Evolution_Name])-MIN(ROW(Evo[Evolution_Name]))+1)/((INDIRECT("Evo[Max "&$H$3&"]")=$H28)*(INDIRECT("Evo[Max "&$H$3&"]")>0)),$G28)),"")}
G29: 5 | H29: =_xlfn.MAXIFS(INDIRECT("Evo[Max "&$H$3&"]"),INDIRECT("Evo[Max "&$H$3&"]"),"<"&$H$20,INDIRECT("Evo[Max "&$H$3&"]"),">0") | I29: {=IFERROR(INDEX(Evo[Evolution_Name],_xlfn.AGGREGATE(15,6,(ROW(Evo[Evolution_Name])-MIN(ROW(Evo[Evolution_Name]))+1)/((INDIRECT("Evo[Max "&$H$3&"]")=$H29)*(INDIRECT("Evo[Max "&$H$3&"]")>0)),$G29)),"")} | J29: {=IFERROR(INDEX(INDIRECT("Evo[+ "&$H$3&"]"),_xlfn.AGGREGATE(15,6,(ROW(Evo[Evolution_Name])-MIN(ROW(Evo[Evolution_Name]))+1)/((INDIRECT("Evo[Max "&$H$3&"]")=$H29)*(INDIRECT("Evo[Max "&$H$3&"]")>0)),$G29)),"")} | K29: {=IFERROR(INDEX(INDIRECT("Evo[+ OVR]"),_xlfn.AGGREGATE(15,6,(ROW(Evo[Evolution_Name])-MIN(ROW(Evo[Evolution_Name]))+1)/((INDIRECT("Evo[Max "&$H$3&"]")=$H29)*(INDIRECT("Evo[Max "&$H$3&"]")>0)),$G29)),"")} | L29: {=IFERROR(INDEX(INDIRECT("Evo[Max OVR]"),_xlfn.AGGREGATE(15,6,(ROW(Evo[Evolution_Name])-MIN(ROW(Evo[Evolution_Name]))+1)/((INDIRECT("Evo[Max "&$H$3&"]")=$H29)*(INDIRECT("Evo[Max "&$H$3&"]")>0)),$G29)),"")} | M29: {=IFERROR(INDEX(INDIRECT("Evo[Req_Position]"),_xlfn.AGGREGATE(15,6,(ROW(Evo[Evolution_Name])-MIN(ROW(Evo[Evolution_Name]))+1)/((INDIRECT("Evo[Max "&$H$3&"]")=$H29)*(INDIRECT("Evo[Max "&$H$3&"]")>0)),$G29)),"")} | N29: {=IFERROR(INDEX(INDIRECT("Evo[Req_OVR_Max]"),_xlfn.AGGREGATE(15,6,(ROW(Evo[Evolution_Name])-MIN(ROW(Evo[Evolution_Name]))+1)/((INDIRECT("Evo[Max "&$H$3&"]")=$H29)*(INDIRECT("Evo[Max "&$H$3&"]")>0)),$G29)),"")} | O29: {=IFERROR(INDEX(INDIRECT("Evo[Req_Other]"),_xlfn.AGGREGATE(15,6,(ROW(Evo[Evolution_Name])-MIN(ROW(Evo[Evolution_Name]))+1)/((INDIRECT("Evo[Max "&$H$3&"]")=$H29)*(INDIRECT("Evo[Max "&$H$3&"]")>0)),$G29)),"")}
H31: 선택한 스탯의 Max값 | I31: 진화명 | J31: Rank | K31: +OVR | L31: Max OVR | M31: 포지션 제한 | N31: OVR 제한 | O31: 기타 요구조건 | Z31: 상위 Max값
H32: {=IFERROR(INDEX(Unified_Matrix!$A:$ZZ,ROW(A17),MATCH("Max "&$H$3,Unified_Matrix!$1:$1,0)),"")} | I32: {=IFERROR(INDEX(Unified_Matrix!$A:$ZZ,ROW(A17),MATCH("Evolution_Name",Unified_Matrix!$1:$1,0)),"")} | J32: =IF(H32="","",IF(H32=0,"",IF(H32=$Z$32,1,IF(H32=$Z$33,2,IF(H32=$Z$34,3,""))))) | K32: {=IFERROR(INDEX(Unified_Matrix!$A:$ZZ,ROW(A17),MATCH("+ OVR",Unified_Matrix!$1:$1,0)),"")} | L32: {=IFERROR(INDEX(Unified_Matrix!$A:$ZZ,ROW(A17),MATCH("Max OVR",Unified_Matrix!$1:$1,0)),"")} | M32: {=IFERROR(INDEX(Unified_Matrix!$A:$ZZ,ROW(A17),MATCH("Req_Position",Unified_Matrix!$1:$1,0)),"")} | N32: {=IFERROR(INDEX(Unified_Matrix!$A:$ZZ,ROW(A17),MATCH("Req_OVR_Max",Unified_Matrix!$1:$1,0)),"")} | O32: {=IFERROR(INDEX(Unified_Matrix!$A:$ZZ,ROW(A17),MATCH("Req_Other",Unified_Matrix!$1:$1,0)),"")} | Z32: =MAX($H$32:$H$326)
H33: {=IFERROR(INDEX(Unified_Matrix!$A:$ZZ,ROW(A19),MATCH("Max "&$H$3,Unified_Matrix!$1:$1,0)),"")} | I33: {=IFERROR(INDEX(Unified_Matrix!$A:$ZZ,ROW(A19),MATCH("Evolution_Name",Unified_Matrix!$1:$1,0)),"")} | J33: =IF(H33="","",IF(H33=0,"",IF(H33=$Z$32,1,IF(H33=$Z$33,2,IF(H33=$Z$34,3,""))))) | K33: {=IFERROR(INDEX(Unified_Matrix!$A:$ZZ,ROW(A19),MATCH("+ OVR",Unified_Matrix!$1:$1,0)),"")} | L33: {=IFERROR(INDEX(Unified_Matrix!$A:$ZZ,ROW(A19),MATCH("Max OVR",Unified_Matrix!$1:$1,0)),"")} | M33: {=IFERROR(INDEX(Unified_Matrix!$A:$ZZ,ROW(A19),MATCH("Req_Position",Unified_Matrix!$1:$1,0)),"")} | N33: {=IFERROR(INDEX(Unified_Matrix!$A:$ZZ,ROW(A19),MATCH("Req_OVR_Max",Unified_Matrix!$1:$1,0)),"")} | O33: {=IFERROR(INDEX(Unified_Matrix!$A:$ZZ,ROW(A19),MATCH("Req_Other",Unified_Matrix!$1:$1,0)),"")} | Z33: =_xlfn.MAXIFS($H$32:$H$326,$H$32:$H$326,"<"&Z32)
H34: {=IFERROR(INDEX(Unified_Matrix!$A:$ZZ,ROW(A31),MATCH("Max "&$H$3,Unified_Matrix!$1:$1,0)),"")} | I34: {=IFERROR(INDEX(Unified_Matrix!$A:$ZZ,ROW(A31),MATCH("Evolution_Name",Unified_Matrix!$1:$1,0)),"")} | J34: =IF(H34="","",IF(H34=0,"",IF(H34=$Z$32,1,IF(H34=$Z$33,2,IF(H34=$Z$34,3,""))))) | K34: {=IFERROR(INDEX(Unified_Matrix!$A:$ZZ,ROW(A31),MATCH("+ OVR",Unified_Matrix!$1:$1,0)),"")} | L34: {=IFERROR(INDEX(Unified_Matrix!$A:$ZZ,ROW(A31),MATCH("Max OVR",Unified_Matrix!$1:$1,0)),"")} | M34: {=IFERROR(INDEX(Unified_Matrix!$A:$ZZ,ROW(A31),MATCH("Req_Position",Unified_Matrix!$1:$1,0)),"")} | N34: {=IFERROR(INDEX(Unified_Matrix!$A:$ZZ,ROW(A31),MATCH("Req_OVR_Max",Unified_Matrix!$1:$1,0)),"")} | O34: {=IFERROR(INDEX(Unified_Matrix!$A:$ZZ,ROW(A31),MATCH("Req_Other",Unified_Matrix!$1:$1,0)),"")} | Z34: =_xlfn.MAXIFS($H$32:$H$326,$H$32:$H$326,"<"&Z33)
H35: {=IFERROR(INDEX(Unified_Matrix!$A:$ZZ,ROW(A32),MATCH("Max "&$H$3,Unified_Matrix!$1:$1,0)),"")} | I35: {=IFERROR(INDEX(Unified_Matrix!$A:$ZZ,ROW(A32),MATCH("Evolution_Name",Unified_Matrix!$1:$1,0)),"")} | J35: =IF(H35="","",IF(H35=0,"",IF(H35=$Z$32,1,IF(H35=$Z$33,2,IF(H35=$Z$34,3,""))))) | K35: {=IFERROR(INDEX(Unified_Matrix!$A:$ZZ,ROW(A32),MATCH("+ OVR",Unified_Matrix!$1:$1,0)),"")} | L35: {=IFERROR(INDEX(Unified_Matrix!$A:$ZZ,ROW(A32),MATCH("Max OVR",Unified_Matrix!$1:$1,0)),"")} | M35: {=IFERROR(INDEX(Unified_Matrix!$A:$ZZ,ROW(A32),MATCH("Req_Position",Unified_Matrix!$1:$1,0)),"")} | N35: {=IFERROR(INDEX(Unified_Matrix!$A:$ZZ,ROW(A32),MATCH("Req_OVR_Max",Unified_Matrix!$1:$1,0)),"")} | O35: {=IFERROR(INDEX(Unified_Matrix!$A:$ZZ,ROW(A32),MATCH("Req_Other",Unified_Matrix!$1:$1,0)),"")}
H36: {=IFERROR(INDEX(Unified_Matrix!$A:$ZZ,ROW(A33),MATCH("Max "&$H$3,Unified_Matrix!$1:$1,0)),"")} | I36: {=IFERROR(INDEX(Unified_Matrix!$A:$ZZ,ROW(A33),MATCH("Evolution_Name",Unified_Matrix!$1:$1,0)),"")} | J36: =IF(H36="","",IF(H36=0,"",IF(H36=$Z$32,1,IF(H36=$Z$33,2,IF(H36=$Z$34,3,""))))) | K36: {=IFERROR(INDEX(Unified_Matrix!$A:$ZZ,ROW(A33),MATCH("+ OVR",Unified_Matrix!$1:$1,0)),"")} | L36: {=IFERROR(INDEX(Unified_Matrix!$A:$ZZ,ROW(A33),MATCH("Max OVR",Unified_Matrix!$1:$1,0)),"")} | M36: {=IFERROR(INDEX(Unified_Matrix!$A:$ZZ,ROW(A33),MATCH("Req_Position",Unified_Matrix!$1:$1,0)),"")} | N36: {=IFERROR(INDEX(Unified_Matrix!$A:$ZZ,ROW(A33),MATCH("Req_OVR_Max",Unified_Matrix!$1:$1,0)),"")} | O36: {=IFERROR(INDEX(Unified_Matrix!$A:$ZZ,ROW(A33),MATCH("Req_Other",Unified_Matrix!$1:$1,0)),"")}
H37: {=IFERROR(INDEX(Unified_Matrix!$A:$ZZ,ROW(A34),MATCH("Max "&$H$3,Unified_Matrix!$1:$1,0)),"")} | I37: {=IFERROR(INDEX(Unified_Matrix!$A:$ZZ,ROW(A34),MATCH("Evolution_Name",Unified_Matrix!$1:$1,0)),"")} | J37: =IF(H37="","",IF(H37=0,"",IF(H37=$Z$32,1,IF(H37=$Z$33,2,IF(H37=$Z$34,3,""))))) | K37: {=IFERROR(INDEX(Unified_Matrix!$A:$ZZ,ROW(A34),MATCH("+ OVR",Unified_Matrix!$1:$1,0)),"")} | L37: {=IFERROR(INDEX(Unified_Matrix!$A:$ZZ,ROW(A34),MATCH("Max OVR",Unified_Matrix!$1:$1,0)),"")} | M37: {=IFERROR(INDEX(Unified_Matrix!$A:$ZZ,ROW(A34),MATCH("Req_Position",Unified_Matrix!$1:$1,0)),"")} | N37: {=IFERROR(INDEX(Unified_Matrix!$A:$ZZ,ROW(A34),MATCH("Req_OVR_Max",Unified_Matrix!$1:$1,0)),"")} | O37: {=IFERROR(INDEX(Unified_Matrix!$A:$ZZ,ROW(A34),MATCH("Req_Other",Unified_Matrix!$1:$1,0)),"")}
H38: {=IFERROR(INDEX(Unified_Matrix!$A:$ZZ,ROW(A35),MATCH("Max "&$H$3,Unified_Matrix!$1:$1,0)),"")} | I38: {=IFERROR(INDEX(Unified_Matrix!$A:$ZZ,ROW(A35),MATCH("Evolution_Name",Unified_Matrix!$1:$1,0)),"")} | J38: =IF(H38="","",IF(H38=0,"",IF(H38=$Z$32,1,IF(H38=$Z$33,2,IF(H38=$Z$34,3,""))))) | K38: {=IFERROR(INDEX(Unified_Matrix!$A:$ZZ,ROW(A35),MATCH("+ OVR",Unified_Matrix!$1:$1,0)),"")} | L38: {=IFERROR(INDEX(Unified_Matrix!$A:$ZZ,ROW(A35),MATCH("Max OVR",Unified_Matrix!$1:$1,0)),"")} | M38: {=IFERROR(INDEX(Unified_Matrix!$A:$ZZ,ROW(A35),MATCH("Req_Position",Unified_Matrix!$1:$1,0)),"")} | N38: {=IFERROR(INDEX(Unified_Matrix!$A:$ZZ,ROW(A35),MATCH("Req_OVR_Max",Unified_Matrix!$1:$1,0)),"")} | O38: {=IFERROR(INDEX(Unified_Matrix!$A:$ZZ,ROW(A35),MATCH("Req_Other",Unified_Matrix!$1:$1,0)),"")}
H39: {=IFERROR(INDEX(Unified_Matrix!$A:$ZZ,ROW(A36),MATCH("Max "&$H$3,Unified_Matrix!$1:$1,0)),"")} | I39: {=IFERROR(INDEX(Unified_Matrix!$A:$ZZ,ROW(A36),MATCH("Evolution_Name",Unified_Matrix!$1:$1,0)),"")} | J39: =IF(H39="","",IF(H39=0,"",IF(H39=$Z$32,1,IF(H39=$Z$33,2,IF(H39=$Z$34,3,""))))) | K39: {=IFERROR(INDEX(Unified_Matrix!$A:$ZZ,ROW(A36),MATCH("+ OVR",Unified_Matrix!$1:$1,0)),"")} | L39: {=IFERROR(INDEX(Unified_Matrix!$A:$ZZ,ROW(A36),MATCH("Max OVR",Unified_Matrix!$1:$1,0)),"")} | M39: {=IFERROR(INDEX(Unified_Matrix!$A:$ZZ,ROW(A36),MATCH("Req_Position",Unified_Matrix!$1:$1,0)),"")} | N39: {=IFERROR(INDEX(Unified_Matrix!$A:$ZZ,ROW(A36),MATCH("Req_OVR_Max",Unified_Matrix!$1:$1,0)),"")} | O39: {=IFERROR(INDEX(Unified_Matrix!$A:$ZZ,ROW(A36),MATCH("Req_Other",Unified_Matrix!$1:$1,0)),"")}
H40: {=IFERROR(INDEX(Unified_Matrix!$A:$ZZ,ROW(A37),MATCH("Max "&$H$3,Unified_Matrix!$1:$1,0)),"")} | I40: {=IFERROR(INDEX(Unified_Matrix!$A:$ZZ,ROW(A37),MATCH("Evolution_Name",Unified_Matrix!$1:$1,0)),"")} | J40: =IF(H40="","",IF(H40=0,"",IF(H40=$Z$32,1,IF(H40=$Z$33,2,IF(H40=$Z$34,3,""))))) | K40: {=IFERROR(INDEX(Unified_Matrix!$A:$ZZ,ROW(A37),MATCH("+ OVR",Unified_Matrix!$1:$1,0)),"")} | L40: {=IFERROR(INDEX(Unified_Matrix!$A:$ZZ,ROW(A37),MATCH("Max OVR",Unified_Matrix!$1:$1,0)),"")} | M40: {=IFERROR(INDEX(Unified_Matrix!$A:$ZZ,ROW(A37),MATCH("Req_Position",Unified_Matrix!$1:$1,0)),"")} | N40: {=IFERROR(INDEX(Unified_Matrix!$A:$ZZ,ROW(A37),MATCH("Req_OVR_Max",Unified_Matrix!$1:$1,0)),"")} | O40: {=IFERROR(INDEX(Unified_Matrix!$A:$ZZ,ROW(A37),MATCH("Req_Other",Unified_Matrix!$1:$1,0)),"")}
H41: {=IFERROR(INDEX(Unified_Matrix!$A:$ZZ,ROW(A38),MATCH("Max "&$H$3,Unified_Matrix!$1:$1,0)),"")} | I41: {=IFERROR(INDEX(Unified_Matrix!$A:$ZZ,ROW(A38),MATCH("Evolution_Name",Unified_Matrix!$1:$1,0)),"")} | J41: =IF(H41="","",IF(H41=0,"",IF(H41=$Z$32,1,IF(H41=$Z$33,2,IF(H41=$Z$34,3,""))))) | K41: {=IFERROR(INDEX(Unified_Matrix!$A:$ZZ,ROW(A38),MATCH("+ OVR",Unified_Matrix!$1:$1,0)),"")} | L41: {=IFERROR(INDEX(Unified_Matrix!$A:$ZZ,ROW(A38),MATCH("Max OVR",Unified_Matrix!$1:$1,0)),"")} | M41: {=IFERROR(INDEX(Unified_Matrix!$A:$ZZ,ROW(A38),MATCH("Req_Position",Unified_Matrix!$1:$1,0)),"")} | N41: {=IFERROR(INDEX(Unified_Matrix!$A:$ZZ,ROW(A38),MATCH("Req_OVR_Max",Unified_Matrix!$1:$1,0)),"")} | O41: {=IFERROR(INDEX(Unified_Matrix!$A:$ZZ,ROW(A38),MATCH("Req_Other",Unified_Matrix!$1:$1,0)),"")}
H42: {=IFERROR(INDEX(Unified_Matrix!$A:$ZZ,ROW(A39),MATCH("Max "&$H$3,Unified_Matrix!$1:$1,0)),"")} | I42: {=IFERROR(INDEX(Unified_Matrix!$A:$ZZ,ROW(A39),MATCH("Evolution_Name",Unified_Matrix!$1:$1,0)),"")} | J42: =IF(H42="","",IF(H42=0,"",IF(H42=$Z$32,1,IF(H42=$Z$33,2,IF(H42=$Z$34,3,""))))) | K42: {=IFERROR(INDEX(Unified_Matrix!$A:$ZZ,ROW(A39),MATCH("+ OVR",Unified_Matrix!$1:$1,0)),"")} | L42: {=IFERROR(INDEX(Unified_Matrix!$A:$ZZ,ROW(A39),MATCH("Max OVR",Unified_Matrix!$1:$1,0)),"")} | M42: {=IFERROR(INDEX(Unified_Matrix!$A:$ZZ,ROW(A39),MATCH("Req_Position",Unified_Matrix!$1:$1,0)),"")} | N42: {=IFERROR(INDEX(Unified_Matrix!$A:$ZZ,ROW(A39),MATCH("Req_OVR_Max",Unified_Matrix!$1:$1,0)),"")} | O42: {=IFERROR(INDEX(Unified_Matrix!$A:$ZZ,ROW(A39),MATCH("Req_Other",Unified_Matrix!$1:$1,0)),"")}
H43: {=IFERROR(INDEX(Unified_Matrix!$A:$ZZ,ROW(A40),MATCH("Max "&$H$3,Unified_Matrix!$1:$1,0)),"")} | I43: {=IFERROR(INDEX(Unified_Matrix!$A:$ZZ,ROW(A40),MATCH("Evolution_Name",Unified_Matrix!$1:$1,0)),"")} | J43: =IF(H43="","",IF(H43=0,"",IF(H43=$Z$32,1,IF(H43=$Z$33,2,IF(H43=$Z$34,3,""))))) | K43: {=IFERROR(INDEX(Unified_Matrix!$A:$ZZ,ROW(A40),MATCH("+ OVR",Unified_Matrix!$1:$1,0)),"")} | L43: {=IFERROR(INDEX(Unified_Matrix!$A:$ZZ,ROW(A40),MATCH("Max OVR",Unified_Matrix!$1:$1,0)),"")} | M43: {=IFERROR(INDEX(Unified_Matrix!$A:$ZZ,ROW(A40),MATCH("Req_Position",Unified_Matrix!$1:$1,0)),"")} | N43: {=IFERROR(INDEX(Unified_Matrix!$A:$ZZ,ROW(A40),MATCH("Req_OVR_Max",Unified_Matrix!$1:$1,0)),"")} | O43: {=IFERROR(INDEX(Unified_Matrix!$A:$ZZ,ROW(A40),MATCH("Req_Other",Unified_Matrix!$1:$1,0)),"")}
H44: {=IFERROR(INDEX(Unified_Matrix!$A:$ZZ,ROW(A41),MATCH("Max "&$H$3,Unified_Matrix!$1:$1,0)),"")} | I44: {=IFERROR(INDEX(Unified_Matrix!$A:$ZZ,ROW(A41),MATCH("Evolution_Name",Unified_Matrix!$1:$1,0)),"")} | J44: =IF(H44="","",IF(H44=0,"",IF(H44=$Z$32,1,IF(H44=$Z$33,2,IF(H44=$Z$34,3,""))))) | K44: {=IFERROR(INDEX(Unified_Matrix!$A:$ZZ,ROW(A41),MATCH("+ OVR",Unified_Matrix!$1:$1,0)),"")} | L44: {=IFERROR(INDEX(Unified_Matrix!$A:$ZZ,ROW(A41),MATCH("Max OVR",Unified_Matrix!$1:$1,0)),"")} | M44: {=IFERROR(INDEX(Unified_Matrix!$A:$ZZ,ROW(A41),MATCH("Req_Position",Unified_Matrix!$1:$1,0)),"")} | N44: {=IFERROR(INDEX(Unified_Matrix!$A:$ZZ,ROW(A41),MATCH("Req_OVR_Max",Unified_Matrix!$1:$1,0)),"")} | O44: {=IFERROR(INDEX(Unified_Matrix!$A:$ZZ,ROW(A41),MATCH("Req_Other",Unified_Matrix!$1:$1,0)),"")}
H45: {=IFERROR(INDEX(Unified_Matrix!$A:$ZZ,ROW(A42),MATCH("Max "&$H$3,Unified_Matrix!$1:$1,0)),"")} | I45: {=IFERROR(INDEX(Unified_Matrix!$A:$ZZ,ROW(A42),MATCH("Evolution_Name",Unified_Matrix!$1:$1,0)),"")} | J45: =IF(H45="","",IF(H45=0,"",IF(H45=$Z$32,1,IF(H45=$Z$33,2,IF(H45=$Z$34,3,""))))) | K45: {=IFERROR(INDEX(Unified_Matrix!$A:$ZZ,ROW(A42),MATCH("+ OVR",Unified_Matrix!$1:$1,0)),"")} | L45: {=IFERROR(INDEX(Unified_Matrix!$A:$ZZ,ROW(A42),MATCH("Max OVR",Unified_Matrix!$1:$1,0)),"")} | M45: {=IFERROR(INDEX(Unified_Matrix!$A:$ZZ,ROW(A42),MATCH("Req_Position",Unified_Matrix!$1:$1,0)),"")} | N45: {=IFERROR(INDEX(Unified_Matrix!$A:$ZZ,ROW(A42),MATCH("Req_OVR_Max",Unified_Matrix!$1:$1,0)),"")} | O45: {=IFERROR(INDEX(Unified_Matrix!$A:$ZZ,ROW(A42),MATCH("Req_Other",Unified_Matrix!$1:$1,0)),"")}
H46: {=IFERROR(INDEX(Unified_Matrix!$A:$ZZ,ROW(A43),MATCH("Max "&$H$3,Unified_Matrix!$1:$1,0)),"")} | I46: {=IFERROR(INDEX(Unified_Matrix!$A:$ZZ,ROW(A43),MATCH("Evolution_Name",Unified_Matrix!$1:$1,0)),"")} | J46: =IF(H46="","",IF(H46=0,"",IF(H46=$Z$32,1,IF(H46=$Z$33,2,IF(H46=$Z$34,3,""))))) | K46: {=IFERROR(INDEX(Unified_Matrix!$A:$ZZ,ROW(A43),MATCH("+ OVR",Unified_Matrix!$1:$1,0)),"")} | L46: {=IFERROR(INDEX(Unified_Matrix!$A:$ZZ,ROW(A43),MATCH("Max OVR",Unified_Matrix!$1:$1,0)),"")} | M46: {=IFERROR(INDEX(Unified_Matrix!$A:$ZZ,ROW(A43),MATCH("Req_Position",Unified_Matrix!$1:$1,0)),"")} | N46: {=IFERROR(INDEX(Unified_Matrix!$A:$ZZ,ROW(A43),MATCH("Req_OVR_Max",Unified_Matrix!$1:$1,0)),"")} | O46: {=IFERROR(INDEX(Unified_Matrix!$A:$ZZ,ROW(A43),MATCH("Req_Other",Unified_Matrix!$1:$1,0)),"")}
... H526: {=IFERROR(INDEX(Unified_Matrix!$A:$ZZ,ROW(A523),MATCH("Max "&$H$3,Unified_Matrix!$1:$1,0)),"")} | I526: {=IFERROR(INDEX(Unified_Matrix!$A:$ZZ,ROW(A523),MATCH("Evolution_Name",Unified_Matrix!$1:$1,0)),"")} | J526: =IF(H526="","",IF(H526=0,"",IF(H526=$Z$32,1,IF(H526=$Z$33,2,IF(H526=$Z$34,3,""))))) | K526: {=IFERROR(INDEX(Unified_Matrix!$A:$ZZ,ROW(A523),MATCH("+ OVR",Unified_Matrix!$1:$1,0)),"")} | L526: {=IFERROR(INDEX(Unified_Matrix!$A:$ZZ,ROW(A523),MATCH("Max OVR",Unified_Matrix!$1:$1,0)),"")} | M526: {=IFERROR(INDEX(Unified_Matrix!$A:$ZZ,ROW(A523),MATCH("Req_Position",Unified_Matrix!$1:$1,0)),"")} | N526: {=IFERROR(INDEX(Unified_Matrix!$A:$ZZ,ROW(A523),MATCH("Req_OVR_Max",Unified_Matrix!$1:$1,0)),"")} | O526: {=IFERROR(INDEX(Unified_Matrix!$A:$ZZ,ROW(A523),MATCH("Req_Other",Unified_Matrix!$1:$1,0)),"")}

Sheet Unified_Matrix
A1: Source_Group | B1: Category | C1: Evolution_Name | D1: URL | E1: Cost_Coins | F1: Cost_FP | G1: Req_OVR_Max | H1: Req_OVR_Min | I1: Req_Position | J1: Req_Excluded_Position | K1: Req_Rarity | L1: Req_Excluded_Rarity | M1: Req_PAC_Max | N1: Req_SHO_Max | O1: Req_PAS_Max | P1: Req_DRI_Max | Q1: Req_DEF_Max | R1: Req_PHY_Max | S1: Req_Max_PS | T1: Req_Max_PS_Plus | U1: Req_Max_Positions | V1: Req_Born_Before | W1: Req_Born_After | X1: + OVR | Y1: Max OVR | Z1: + PAC | AA1: Max PAC | AB1: + SHO | AC1: Max SHO | AD1: + PAS | AE1: Max PAS | AF1: + DRI | AG1: Max DRI | AH1: + DEF | AI1: Max DEF | AJ1: + PHY | AK1: Max PHY | AL1: + Acceleration | AM1: Max Acceleration | AN1: + Sprint Speed | AO1: Max Sprint Speed | AP1: + Positioning | AQ1: Max Positioning | AR1: + Finishing | AS1: Max Finishing | AT1: + Shot Power | AU1: Max Shot Power | AV1: + Long Shots | AW1: Max Long Shots | AX1: + Volleys | AY1: Max Volleys | AZ1: + Penalties | BA1: Max Penalties | BB1: + Vision | BC1: Max Vision | BD1: + Crossing | BE1: Max Crossing | BF1: + FK Accuracy | BG1: Max FK Accuracy | BH1: + Short Passing | BI1: Max Short Passing | BJ1: + Long Passing | BK1: Max Long Passing | BL1: + Curve | BM1: Max Curve | BN1: + Agility | BO1: Max Agility | BP1: + Balance | BQ1: Max Balance | BR1: + Reactions | BS1: Max Reactions | BT1: + Ball Control | BU1: Max Ball Control | BV1: + Dribbling | BW1: Max Dribbling | BX1: + Composure | BY1: Max Composure | BZ1: + Interceptions | CA1: Max Interceptions | CB1: + Heading Accuracy | CC1: Max Heading Accuracy | CD1: + Defensive Awareness | CE1: Max Defensive Awareness | CF1: + Standing Tackle | CG1: Max Standing Tackle | CH1: + Sliding Tackle | CI1: Max Sliding Tackle | CJ1: + Jumping | CK1: Max Jumping | CL1: + Stamina | CM1: Max Stamina | CN1: + Strength | CO1: Max Strength | CP1: + Aggression | CQ1: Max Aggression | CR1: + SM | CS1: Max SM | CT1: + WF | CU1: Max WF | CV1: Role_Added | CW1: Other_Upgrade_Text | CX1: Raw_Requirements_Text | CY1: Req_Other | CZ1: Link_Text | DA1: Parent_Text
A2: Current | B2: Current Evolutions | C2: Future Stars Academy III - EA SPORTS FC 27 | D2: https://www.fut.gg/evolutions/2551-future-stars-academy-iii/ | G2: 82 | H2: 82 | K2: Future Stars Academy | S2: 7 | X2: 1 | Y2: 83 | AL2: 3 | AM2: 87 | AN2: 3 | AO2: 87 | AR2: 4 | AS2: 88 | AT2: 3 | AU2: 88 | AV2: 3 | AW2: 84 | AX2: 5 | AY2: 82 | BN2: 4 | BO2: 89 | BP2: 2 | BQ2: 85 | BR2: 3 | BS2: 86 | BT2: 5 | BU2: 89 | BV2: 5 | BW2: 89 | BX2: 3 | BY2: 85 | CW2: C +1 OVR 83 +4 Agility 89 +2 Balance 85 +3 Reactions 86 +5 Ball Control 89 +5 Dribbling 89 3 Level 1 Arouna Soro 82 CAM PAC 84 SHO 81 PAS 84 DRI 81 DEF 36 PHY 69 CM R 3 ★ 4 CAM 79.5 Arouna Soro 83 CAM PAC 84 SHO 81 PAS 84 DRI 85 DEF 36 PHY 69 CM R 3 ★ 4 CAM 81.2 UPGRADE PATHS Pick one Option A +1 OVR 83 +3 Sprint Speed 87 +3 Acceleration 87 3 Option B +1 OVR 83 +4 Finishing 88 +3 Shot Power 88 +3 Long Shots 84 +5 Volleys 82 +3 Composure 85 3 Option C Recommended +1 OVR 83 +4 Agility 89 +2 Balance 85 +3 Reactions 86 +5 Ball Control 89 +5 Dribbling 89 3 | CX2: Rarity Future Stars Academy Overall Min. 82 Overall Max. 82 Max PS 7 Details Type Pathway, pick one option per level Submit by in 13 days Expiry in 20 days Coins Cost Free Points Cost Free | CY2: Rarity Future Stars Academy Overall Min. 82 Overall Max. 82 Max PS 7 Details Type Pathway, pick one option per level Submit by in 13 days Expiry in 20 days Coins Cost Free Points Cost Free | CZ2: Future Stars Academy III NEW | DA2: Future Stars Academy III NEW Time to find their signature. Unlock a new PlayStyle and sharpen their pace, shooting or dribbling as your Future Star rises to the next level. Taylor 67 LM PAC 83 SHO 62 PAS 58 DRI 69 DEF 36 PHY 64 CM CAM LW R 3 ★ 5 LM 70.1 Taylor 83 LM PAC 86 SHO 78 PAS 84 DRI 87 DEF 38 PHY 72 CM CAM LW R 4 ★ 5 LM 85.3 REQUIREMENTS Rarity Future Stars Academy Overall Min. 82 Overall Max. 82 Max PS 7 UPGRADES +1 OVR 83 +3 Sprint Speed 87 +3 Acceleration 87 3 in 13 days in 20 days 92% 8%
A3: Current | B3: Current Evolutions | C3: Touchline Magic - EA SPORTS FC 27 | D3: https://www.fut.gg/evolutions/2550-touchline-magic/ | G3: 80 | I3: LW, RW | J3: ST, CM, CAM | M3: 86 | S3: 7 | X3: 10 | Y3: 84 | AL3: 10 | AM3: 85 | AN3: 10 | AO3: 85 | AP3: 7 | AQ3: 81 | AR3: 7 | AS3: 82 | AT3: 7 | AU3: 81 | AV3: 7 | AW3: 81 | BB3: 7 | BC3: 79 | BH3: 7 | BI3: 80 | BL3: 7 | BM3: 83 | BN3: 10 | BO3: 84 | BP3: 10 | BQ3: 83 | BR3: 10 | BS3: 83 | BT3: 10 | BU3: 84 | BV3: 10 | BW3: 84 | BX3: 10 | BY3: 83 | CL3: 7 | CM3: 82 | CR3: 1 | CS3: 4 | CW3: +10 OVR 84 +1 SM 4 +10 Sprint Speed 85 +7 Long Shots 81 +10 Agility 84 +10 Dribbling 84 +7 Positioning 81 +7 Vision 79 +10 Balance 83 +10 Composure 83 +7 Finishing 82 +7 Short Pass 80 +10 Reactions 83 +7 Stamina 82 +10 Acceleration 85 +7 Shot Power 81 +7 Curve 83 +10 Ball Control 84 3 Level 1 Cooper 80 RM PAC 74 SHO 71 PAS 77 DRI 79 DEF 42 PHY 66 RW R 3 ★ 3 Cooper 84 RM PAC 79 SHO 73 PAS 77 DRI 83 DEF 42 PHY 66 RW R 3 ★ 3 RM 73.2 UPGRADES +10 OVR 84 +10 Sprint Speed 85 +7 Long Shots 81 +10 Agility 84 +10 Dribbling 84 | CX3: Overall Max. 80 Position LW, RW Excluded Position ST, CM, CAM Max PS 7 Pace Max. 86 Details Submit by in 9 days Expiry in 16 days Coins Cost 20,000 Points Cost 150 | CY3: Overall Max. 80 Position LW, RW Excluded Position ST, CM, CAM Max PS 7 Pace Max. 86 Details Submit by in 9 days Expiry in 16 days Coins Cost 20,000 Points Cost 150 | CZ3: Touchline Magic 20,000 150 | DA3: Touchline Magic 20,000 150 Unlock defences from out wide with a dynamic winger capable of accelerating past markers, showcasing elite dribbling, and scoring crucial goals. Murphy 79 RW PAC 76 SHO 77 PAS 78 DRI 79 DEF 60 PHY 66 RM R 3 ★ 4 RM 72.0 Murphy 84 RW PAC 85 SHO 80 PAS 79 DRI 84 DEF 60 PHY 68 RM R 4 ★ 4 RM 82.5 REQUIREMENTS Overall Max. 80 Position LW, RW Excluded Position ST, CM, CAM Max PS 7 Pace Max. 86 UPGRADES +10 OVR 84 +1 SM 4 +10 Sprint Speed 85 +7 Long Shots 81 +10 Agility 84 +10 Dribbling 84 +7 Positioning 81 +7 Vision 79 +10 Balance 83 +10 Composure 83 +7 Finishing 82 +7 Short Pass 80 +10 Reactions 83 +7 Stamina 82 +10 Acceleration 85 +7 Shot Power 81 +7 Curve 83 +10 Ball Control 84 3 in 9 days in 16 days 47% 53%
A4: Current | B4: Current Evolutions | C4: Future Stars Academy II - EA SPORTS FC 27 | D4: https://www.fut.gg/evolutions/2549-future-stars-academy-ii/ | G4: 81 | H4: 81 | K4: Future Stars Academy | X4: 1 | Y4: 82 | AP4: 1 | AQ4: 81 | AR4: 1 | AS4: 80 | AT4: 1 | AU4: 81 | AV4: 1 | AW4: 78 | BB4: 10 | BC4: 86 | BD4: 12 | BE4: 82 | BH4: 8 | BI4: 86 | BJ4: 12 | BK4: 82 | BL4: 12 | BM4: 84 | BP4: 1 | BQ4: 78 | BR4: 2 | BS4: 82 | BT4: 2 | BU4: 81 | BV4: 1 | BW4: 81 | BX4: 2 | BY4: 80 | CB4: 2 | CC4: 75 | CL4: 1 | CM4: 83 | CW4: A +1 OVR 82 +1 Finishing 80 +1 Long Shots 78 +2 Reactions 82 +1 Dribbling 81 +2 Heading Acc. 75 +1 Positioning 81 +1 Shot Power 81 +1 Balance 78 +2 Ball Control 81 +2 Composure 80 +1 Stamina 83 +10 Vision 86 +12 Crossing 82 +15 Fk Accuracy 80 +8 Short Pass 86 +12 Long Pass 82 +12 Curve 84 Level 1 Yıldız 81 RM PAC 84 SHO 80 PAS 81 DRI 80 DEF 54 PHY 71 CM LM CAM RW LW R 3 ★ 4 LM 78.7 Yıldız 82 RM PAC 84 SHO 80 PAS 81 DRI 81 DEF 54 PHY 71 CM LM CAM RW LW R 3 ★ 4 LM 78.9 UPGRADES +1 OVR 82 +1 Finishing 80 +1 Long Shots 78 +2 Reactions 82 +1 Dribbling 81 +2 Heading Acc. 75 | CX4: Rarity Future Stars Academy Overall Min. 81 Overall Max. 81 Details Type Pathway, pick one option per level Submit by in 13 days Expiry in 20 days Coins Cost Free Points Cost Free | CY4: Rarity Future Stars Academy Overall Min. 81 Overall Max. 81 Details Type Pathway, pick one option per level Submit by in 13 days Expiry in 20 days Coins Cost Free Points Cost Free | CZ4: Future Stars Academy II | DA4: Future Stars Academy II The next step in their journey. Help your Future Star grow into a playmaker, a physical powerhouse or a well-rounded all-rounder. Mboup 70 LM PAC 86 SHO 65 PAS 60 DRI 73 DEF 27 PHY 58 ST LW R 3 ★ 3 LM 71.9 Mboup 82 LM PAC 86 SHO 84 PAS 84 DRI 82 DEF 29 PHY 67 ST LW R 3 ★ 4 LM 83.8 REQUIREMENTS Rarity Future Stars Academy Overall Min. 81 Overall Max. 81 UPGRADES +1 OVR 82 +1 Finishing 80 +1 Long Shots 78 +2 Reactions 82 +1 Dribbling 81 +2 Heading Acc. 75 +1 Positioning 81 +1 Shot Power 81 +1 Balance 78 +2 Ball Control 81 +2 Composure 80 +1 Stamina 83 +10 Vision 86 +12 Crossing 82 +15 Fk Accuracy 80 +8 Short Pass 86 +12 Long Pass 82 +12 Curve 84 in 13 days in 20 days 91% 9%
A5: Current | B5: Current Evolutions | C5: Playmaker Reborn - EA SPORTS FC 27 | D5: https://www.fut.gg/evolutions/2548-playmaker-reborn/ | G5: 74 | I5: CAM, CM | J5: CDM, CB, ST | M5: 85 | S5: 7 | X5: 40 | Y5: 80 | AL5: 40 | AM5: 76 | AN5: 40 | AO5: 75 | AP5: 40 | AQ5: 77 | AR5: 40 | AS5: 76 | AT5: 40 | AU5: 75 | AV5: 40 | AW5: 77 | AX5: 40 | AY5: 76 | AZ5: 40 | BA5: 77 | BB5: 50 | BC5: 80 | BD5: 50 | BE5: 79 | BH5: 50 | BI5: 80 | BJ5: 50 | BK5: 81 | BL5: 50 | BM5: 79 | BN5: 40 | BO5: 78 | BP5: 40 | BQ5: 76 | BR5: 40 | BS5: 74 | BT5: 40 | BU5: 77 | BV5: 40 | BW5: 77 | BX5: 40 | BY5: 77 | CL5: 40 | CM5: 79 | CW5: +40 OVR 80 +40 Positioning 77 +40 Volleys 76 +50 Fk Accuracy 79 +40 Agility 78 +40 Dribbling 77 +40 Finishing 76 +40 Penalties 77 +50 Short Pass 80 +40 Balance 76 +40 Composure 77 +40 Acceleration 76 +40 Shot Power 75 +50 Vision 80 +50 Long Pass 81 +40 Reactions 74 +40 Stamina 79 +40 Sprint Speed 75 +40 Long Shots 77 +50 Crossing 79 +50 Curve 79 +40 Ball Control 77 3 Level 1 Dibling 74 RM PAC 76 SHO 67 PAS 71 DRI 77 DEF 38 PHY 64 CAM RW L 3 ★ 3 Dibling 80 RM PAC 76 SHO 68 PAS 72 DRI 77 DEF 38 PHY 64 CAM RW L 3 ★ 3 CAM 66.8 UPGRADES +40 OVR 80 +40 Positioning 77 +40 Volleys 76 +50 Fk Accuracy 79 +40 Agility 78 +40 Dribbling 77 | CX5: Overall Max. 74 Position CAM, CM Excluded Position CDM, CB, ST Max PS 7 Pace Max. 85 Details Submit by in 8 days Expiry in 16 days Coins Cost Free Points Cost Free | CY5: Overall Max. 74 Position CAM, CM Excluded Position CDM, CB, ST Max PS 7 Pace Max. 85 Details Submit by in 8 days Expiry in 16 days Coins Cost Free Points Cost Free | CZ5: Playmaker Reborn | DA5: Playmaker Reborn Reinvent your midfield engine with sharp vision and crisp passes to dictate match tempo from the center. Tolić 71 CAM PAC 63 SHO 71 PAS 73 DRI 75 DEF 40 PHY 72 CM R 4 ★ 4 CAM 67.2 Tolić 80 CAM PAC 75 SHO 77 PAS 80 DRI 78 DEF 40 PHY 76 CM R 4 ★ 4 CAM 77.4 REQUIREMENTS Overall Max. 74 Position CAM, CM Excluded Position CDM, CB, ST Max PS 7 Pace Max. 85 UPGRADES +40 OVR 80 +40 Positioning 77 +40 Volleys 76 +50 Fk Accuracy 79 +40 Agility 78 +40 Dribbling 77 +40 Finishing 76 +40 Penalties 77 +50 Short Pass 80 +40 Balance 76 +40 Composure 77 +40 Acceleration 76 +40 Shot Power 75 +50 Vision 80 +50 Long Pass 81 +40 Reactions 74 +40 Stamina 79 +40 Sprint Speed 75 +40 Long Shots 77 +50 Crossing 79 +50 Curve 79 +40 Ball Control 77 3 TRAINING TIME 1 day in 8 days in 16 days 32% 68%
A6: Current | B6: Current Evolutions | C6: Quick Step [FC 26 Obj] - EA SPORTS FC 27 | D6: https://www.fut.gg/evolutions/2547-quick-step-fc-26-obj/ | G6: 83 | S6: 2 | CW6: 3 Level 1 Kingsbury 83 GK DIV 83 HAN 80 KIC 72 REF 83 SPD 41 POS 83 R 1 ★ 2 Kingsbury 83 GK DIV 83 HAN 80 KIC 72 REF 83 SPD 41 POS 83 R 1 ★ 2 GK 75.0 UPGRADES 3 | CX6: Overall Max. 83 Max PS 2 Details Submit by in 1 year Expiry in 1 year Coins Cost Free Points Cost Free | CY6: Overall Max. 83 Max PS 2 Details Submit by in 1 year Expiry in 1 year Coins Cost Free Points Cost Free | CZ6: Quick Step [FC 26 Obj] | DA6: Quick Step [FC 26 Obj] Unlocked by completing the FC 26 Season 9 Pass Oosterwolde 76 CB PAC 88 SHO 42 PAS 64 DRI 72 DEF 75 PHY 81 LB L 2 ★ 2 LB 79.5 Oosterwolde 76 CB PAC 88 SHO 42 PAS 64 DRI 72 DEF 75 PHY 81 LB L 2 ★ 2 LB 81.3 REQUIREMENTS Overall Max. 83 Max PS 2 UPGRADES 3 in 1 year in 1 year 75% 25%
A7: Current | B7: Current Evolutions | C7: Future Stars Academy I - EA SPORTS FC 27 | D7: https://www.fut.gg/evolutions/2541-future-stars-academy-i/ | G7: 80 | I7: CAM, ST | M7: 86 | S7: 7 | W7: 2003-10-09 | X7: 34 | Y7: 81 | AL7: 20 | AM7: 81 | AN7: 20 | AO7: 81 | AP7: 25 | AQ7: 80 | AR7: 20 | AS7: 79 | AT7: 20 | AU7: 80 | AV7: 20 | AW7: 77 | AX7: 20 | AY7: 75 | BB7: 30 | BC7: 82 | BD7: 35 | BE7: 76 | BH7: 35 | BI7: 82 | BJ7: 35 | BK7: 76 | BL7: 35 | BM7: 76 | BN7: 32 | BO7: 80 | BP7: 35 | BQ7: 77 | BR7: 25 | BS7: 80 | BT7: 32 | BU7: 80 | BV7: 32 | BW7: 80 | BX7: 30 | BY7: 78 | CB7: 20 | CC7: 73 | CL7: 25 | CM7: 82 | CN7: 15 | CO7: 73 | CR7: 2 | CS7: 4 | CW7: C +34 OVR 81 +2 SM 4 +20 Finishing 79 +30 Vision 82 +35 Long Pass 76 +25 Reactions 80 +20 Heading Acc. 73 +20 Acceleration 81 +20 Shot Power 80 +35 Crossing 76 +35 Curve 76 +32 Ball Control 80 +25 Stamina 82 +20 Sprint Speed 81 +20 Long Shots 77 +30 Fk Accuracy 72 +32 Agility 80 +32 Dribbling 80 +15 Strength 73 +25 Positioning 80 +20 Volleys 75 +35 Short Pass 82 +35 Balance 77 +30 Composure 78 Level 1 Kroupi 80 ST PAC 83 SHO 83 PAS 71 DRI 81 DEF 48 PHY 65 CAM R 3 ★ 3 Kroupi 81 ST PAC 83 SHO 83 PAS 75 DRI 81 DEF 48 PHY 65 CAM R 3 ★ 3 ST 79.5 UPGRADES +34 OVR 81 +20 Finishing 79 +30 Vision 82 +35 Long Pass 76 +25 Reactions 80 +20 Heading Acc. 73 | CX7: Overall Max. 80 Position CAM, ST Born After 2003-10-09 Max PS 7 Pace Max. 86 Details Type Pathway, pick one option per level Submit by in 13 days Expiry in 20 days Coins Cost Free Points Cost Free | CY7: Overall Max. 80 Position CAM, ST Born After 2003-10-09 Max PS 7 Pace Max. 86 Details Type Pathway, pick one option per level Submit by in 13 days Expiry in 20 days Coins Cost Free Points Cost Free | CZ7: Future Stars Academy I | DA7: Future Stars Academy I Every legend starts somewhere. Develop your young forward into a complete player, then choose whether they make their mark with pace, shooting or dribbling. Taylor 67 LM PAC 83 SHO 62 PAS 58 DRI 69 DEF 36 PHY 64 CM CAM LW R 3 ★ 5 LM 70.1 Taylor 81 LM PAC 83 SHO 77 PAS 79 DRI 87 DEF 38 PHY 72 CM CAM LW R 4 ★ 5 LM 82.3 REQUIREMENTS Overall Max. 80 Position CAM, ST Born After 2003-10-09 Max PS 7 Pace Max. 86 UPGRADES C +34 OVR 81 +2 SM 4 +20 Finishing 79 +30 Vision 82 +35 Long Pass 76 +25 Reactions 80 +20 Heading Acc. 73 +20 Acceleration 81 +20 Shot Power 80 +35 Crossing 76 +35 Curve 76 +32 Ball Control 80 +25 Stamina 82 +20 Sprint Speed 81 +20 Long Shots 77 +30 Fk Accuracy 72 +32 Agility 80 +32 Dribbling 80 +15 Strength 73 +25 Positioning 80 +20 Volleys 75 +35 Short Pass 82 +35 Balance 77 +30 Composure 78 in 13 days in 20 days 95% 5%
A8: Current | B8: Current Evolutions | C8: Batigol Precision - EA SPORTS FC 27 | D8: https://www.fut.gg/evolutions/2540-batigol-precision/ | G8: 81 | I8: ST | J8: CB, CM, CAM | M8: 85 | S8: 7 | X8: 6 | Y8: 83 | AL8: 7 | AM8: 83 | AN8: 7 | AO8: 83 | AP8: 7 | AQ8: 84 | AR8: 7 | AS8: 83 | AT8: 7 | AU8: 84 | AV8: 7 | AW8: 83 | AX8: 7 | AY8: 84 | AZ8: 7 | BA8: 83 | BN8: 7 | BO8: 82 | BP8: 7 | BQ8: 81 | BR8: 7 | BS8: 82 | BT8: 7 | BU8: 80 | BV8: 7 | BW8: 81 | CL8: 7 | CM8: 78 | CW8: B +6 OVR 83 +7 Sprint Speed 83 +7 Finishing 83 +7 Long Shots 83 +7 Penalties 83 +7 Acceleration 83 +7 Positioning 84 +7 Shot Power 84 +7 Volleys 84 +7 Stamina 78 +7 Agility 82 +7 Balance 81 +7 Reactions 82 +7 Ball Control 80 +7 Dribbling 81 3 Level 1 Bourdieu 81 ST PAC 83 SHO 82 PAS 69 DRI 79 DEF 36 PHY 76 R 3 ★ 4 Bourdieu 83 ST PAC 83 SHO 83 PAS 69 DRI 79 DEF 36 PHY 76 R 3 ★ 4 ST 80.9 UPGRADES +6 OVR 83 +7 Sprint Speed 83 +7 Finishing 83 +7 Long Shots 83 +7 Penalties 83 | CX8: Overall Max. 81 Position ST Excluded Position CB, CM, CAM Max PS 7 Pace Max. 85 Details Type Pathway, pick one option per level Submit by in 4 days Expiry in 11 days Coins Cost Free Points Cost Free | CY8: Overall Max. 81 Position ST Excluded Position CB, CM, CAM Max PS 7 Pace Max. 85 Details Type Pathway, pick one option per level Submit by in 4 days Expiry in 11 days Coins Cost Free Points Cost Free | CZ8: Batigol Precision | DA8: Batigol Precision Bring elite goalscoring pedigree to your attack with a forward who thrives on pure ball striking. Danjuma 75 LW PAC 83 SHO 75 PAS 71 DRI 76 DEF 44 PHY 68 LM ST R 4 ★ 4 ST 77.6 Danjuma 81 LW PAC 83 SHO 82 PAS 71 DRI 80 DEF 44 PHY 70 LM ST R 4 ★ 4 ST 81.1 REQUIREMENTS Overall Max. 81 Position ST Excluded Position CB, CM, CAM Max PS 7 Pace Max. 85 UPGRADES B +6 OVR 83 +7 Sprint Speed 83 +7 Finishing 83 +7 Long Shots 83 +7 Penalties 83 +7 Acceleration 83 +7 Positioning 84 +7 Shot Power 84 +7 Volleys 84 +7 Stamina 78 +7 Agility 82 +7 Balance 81 +7 Reactions 82 +7 Ball Control 80 +7 Dribbling 81 3 in 4 days in 11 days 92% 8%
A9: Current | B9: Current Evolutions | C9: Nine Duty - EA SPORTS FC 27 | D9: https://www.fut.gg/evolutions/2539-nine-duty/ | G9: 74 | I9: ST | J9: CB, CM, CAM | M9: 85 | S9: 7 | X9: 40 | Y9: 79 | AL9: 40 | AM9: 78 | AN9: 40 | AO9: 78 | AP9: 50 | AQ9: 80 | AR9: 50 | AS9: 79 | AT9: 50 | AU9: 79 | AV9: 50 | AW9: 78 | AX9: 50 | AY9: 79 | AZ9: 50 | BA9: 81 | BB9: 40 | BC9: 75 | BD9: 40 | BE9: 75 | BH9: 40 | BI9: 75 | BJ9: 40 | BK9: 75 | BL9: 40 | BM9: 77 | BN9: 40 | BO9: 78 | BP9: 40 | BQ9: 78 | BR9: 40 | BS9: 78 | BT9: 40 | BU9: 78 | BV9: 40 | BW9: 78 | BX9: 40 | BY9: 76 | CR9: 2 | CS9: 3 | CW9: +40 OVR 79 +2 SM 3 +50 Positioning 80 +50 Volleys 79 +40 Fk Accuracy 77 +40 Agility 78 +40 Dribbling 78 +50 Finishing 79 +50 Penalties 81 +40 Short Pass 75 +40 Balance 78 +40 Composure 76 +40 Acceleration 78 +50 Shot Power 79 +40 Vision 75 +40 Long Pass 75 +40 Reactions 78 +40 Sprint Speed 78 +50 Long Shots 78 +40 Crossing 75 +40 Curve 77 +40 Ball Control 78 3 Level 1 Szewieczková 74 LM PAC 67 SHO 72 PAS 73 DRI 74 DEF 63 PHY 70 ST LW R 3 ★ 3 Szewieczková 79 LM PAC 67 SHO 73 PAS 73 DRI 77 DEF 63 PHY 70 ST LW R 3 ★ 3 ST 66.6 UPGRADES +40 OVR 79 +50 Positioning 80 +50 Volleys 79 +40 Fk Accuracy 77 +40 Agility 78 +40 Dribbling 78 | CX9: Overall Max. 74 Position ST Excluded Position CB, CM, CAM Max PS 7 Pace Max. 85 Details Submit by in 9 days Expiry in 16 days Coins Cost Free Points Cost Free | CY9: Overall Max. 74 Position ST Excluded Position CB, CM, CAM Max PS 7 Pace Max. 85 Details Submit by in 9 days Expiry in 16 days Coins Cost Free Points Cost Free | CZ9: Nine Duty | DA9: Nine Duty Elevate your striker’s attacking impact to help them consistently influence matches when leading the line. Rodney 60 ST PAC 84 SHO 59 PAS 52 DRI 60 DEF 29 PHY 65 RM LM RW LW R 3 ★ 4 ST 65.3 Rodney 79 ST PAC 84 SHO 79 PAS 75 DRI 78 DEF 29 PHY 65 RM LM RW LW R 3 ★ 4 ST 79.5 REQUIREMENTS Overall Max. 74 Position ST Excluded Position CB, CM, CAM Max PS 7 Pace Max. 85 UPGRADES +40 OVR 79 +2 SM 3 +50 Positioning 80 +50 Volleys 79 +40 Fk Accuracy 77 +40 Agility 78 +40 Dribbling 78 +50 Finishing 79 +50 Penalties 81 +40 Short Pass 75 +40 Balance 78 +40 Composure 76 +40 Acceleration 78 +50 Shot Power 79 +40 Vision 75 +40 Long Pass 75 +40 Reactions 78 +40 Sprint Speed 78 +50 Long Shots 78 +40 Crossing 75 +40 Curve 77 +40 Ball Control 78 3 TRAINING TIME 1 day in 9 days in 16 days 76% 24%
A10: Current | B10: Current Evolutions | C10: Goal Guardian - EA SPORTS FC 27 | D10: https://www.fut.gg/evolutions/2538-goal-guardian/ | G10: 79 | I10: GK | S10: 7 | X10: 5 | Y10: 80 | BR10: 5 | BS10: 78 | CW10: A +5 OVR 80 +5 POS 77 +5 Diving 81 +5 Kicking 76 +5 Handling 80 +5 Reactions 78 +5 Reflexes 77 3 Level 1 Audero 79 GK DIV 81 HAN 76 KIC 74 REF 81 SPD 53 POS 78 R 1 ★ 3 Audero 80 GK DIV 81 HAN 80 KIC 76 REF 81 SPD 53 POS 78 R 1 ★ 3 GK 77.8 UPGRADES +5 OVR 80 +5 Diving 81 +5 Kicking 76 +5 Handling 80 | CX10: Overall Max. 79 Position GK Max PS 7 Details Type Pathway, pick one option per level Submit by in 2 days Expiry in 9 days Coins Cost Free Points Cost Free | CY10: Overall Max. 79 Position GK Max PS 7 Details Type Pathway, pick one option per level Submit by in 2 days Expiry in 9 days Coins Cost Free Points Cost Free | CZ10: Goal Guardian | DA10: Goal Guardian Strengthen your presence between the posts by refining a keeper built to command the penalty area. Ronaldo 73 GK DIV 75 HAN 71 KIC 70 REF 74 SPD 26 POS 71 R 1 ★ 2 GK 75.2 Ronaldo 78 GK DIV 80 HAN 76 KIC 75 REF 78 SPD 26 POS 76 R 1 ★ 2 GK 80.7 REQUIREMENTS Overall Max. 79 Position GK Max PS 7 UPGRADES A +5 OVR 80 +5 POS 77 +5 Diving 81 +5 Kicking 76 +5 Handling 80 +5 Reactions 78 +5 Reflexes 77 3 in 2 days in 9 days 59% 41%
A11: Current | B11: Current Evolutions | C11: Midfield Glow Up - EA SPORTS FC 27 | D11: https://www.fut.gg/evolutions/2507-midfield-glow-up/ | G11: 74 | I11: CDM | J11: CAM, CB, ST | M11: 85 | S11: 7 | X11: 40 | Y11: 79 | AL11: 40 | AM11: 75 | AN11: 40 | AO11: 75 | BB11: 50 | BC11: 77 | BD11: 50 | BE11: 75 | BH11: 50 | BI11: 80 | BJ11: 50 | BK11: 79 | BL11: 50 | BM11: 75 | BZ11: 40 | CA11: 75 | CD11: 40 | CE11: 80 | CF11: 40 | CG11: 80 | CH11: 40 | CI11: 75 | CJ11: 40 | CK11: 76 | CL11: 40 | CM11: 76 | CN11: 40 | CO11: 77 | CP11: 40 | CQ11: 75 | CV11: CDM Deep Lying Playmaker +; CDM Box Crasher + | CW11: +40 OVR 79 +50 Vision 77 +50 Long Pass 79 +40 Standing Tackle 80 +40 Strength 77 +50 Crossing 75 +50 Curve 75 +40 Sliding Tackle 75 +40 Aggression 75 +40 Acceleration 75 +50 Fk Accuracy 74 +40 Interceptions 75 +40 Jumping 76 +40 Sprint Speed 75 +50 Short Pass 80 +40 Defensive Awareness 80 +40 Stamina 76 CDM Deep Lying Playmaker + CDM Box Crasher + 3 Level 1 McGlynn 74 CM PAC 64 SHO 70 PAS 77 DRI 70 DEF 60 PHY 65 CDM RM RW L 2 ★ 3 McGlynn 79 CM PAC 64 SHO 70 PAS 77 DRI 70 DEF 64 PHY 72 CDM RM RW L 2 ★ 3 CM 67.0 UPGRADES +40 OVR 79 +50 Vision 77 +50 Long Pass 79 +40 Standing Tackle 80 +40 Strength 77 | CX11: Overall Max. 74 Position CDM Excluded Position CAM, CB, ST Max PS 7 Pace Max. 85 Details Submit by in 9 days Expiry in 9 days Coins Cost Free Points Cost Free | CY11: Overall Max. 74 Position CDM Excluded Position CAM, CB, ST Max PS 7 Pace Max. 85 Details Submit by in 9 days Expiry in 9 days Coins Cost Free Points Cost Free | CZ11: Midfield Glow Up | DA11: Midfield Glow Up Elevate your engine room with a major tactical upgrade, combining enhanced recovery speed, relentless physical presence, and superior distribution across the pitch. Bannan 72 CM PAC 44 SHO 63 PAS 75 DRI 74 DEF 60 PHY 59 CDM L 3 ★ 3 CM 64.6 Bannan 79 CM PAC 75 SHO 63 PAS 78 DRI 74 DEF 75 PHY 78 CDM L 3 ★ 3 CDM 81.1 REQUIREMENTS Overall Max. 74 Position CDM Excluded Position CAM, CB, ST Max PS 7 Pace Max. 85 UPGRADES +40 OVR 79 +50 Vision 77 +50 Long Pass 79 +40 Standing Tackle 80 +40 Strength 77 +50 Crossing 75 +50 Curve 75 +40 Sliding Tackle 75 +40 Aggression 75 +40 Acceleration 75 +50 Fk Accuracy 74 +40 Interceptions 75 +40 Jumping 76 +40 Sprint Speed 75 +50 Short Pass 80 +40 Defensive Awareness 80 +40 Stamina 76 CDM Deep Lying Playmaker + CDM Box Crasher + 3 TRAINING TIME 1 day in 9 days in 9 days 83% 17%
A12: Current | B12: Current Evolutions | C12: Intro to Repeatable Evolutions - EA SPORTS FC 27 | D12: https://www.fut.gg/evolutions/2492-intro-to-repeatable-evolutions/ | G12: 79 | I12: ST | M12: 81 | X12: 1 | Y12: 80 | AT12: 3 | AU12: 78 | AV12: 4 | AW12: 77 | AX12: 3 | AY12: 78 | BB12: 3 | BC12: 79 | BH12: 3 | BI12: 78 | BJ12: 4 | BK12: 77 | BR12: 4 | BS12: 80 | BV12: 4 | BW12: 80 | CW12: +1 OVR 80 +4 Long Shots 77 +3 Vision 79 +3 Short Pass 78 +4 Reactions 80 +3 Shot Power 78 +3 Volleys 78 +4 Fk Accuracy 80 +4 Long Pass 77 +4 Dribbling 80 Level 1 Møller 79 CAM PAC 76 SHO 77 PAS 72 DRI 78 DEF 46 PHY 75 CM ST R 3 ★ 4 Møller 80 CAM PAC 76 SHO 77 PAS 72 DRI 78 DEF 46 PHY 75 CM ST R 3 ★ 4 CAM 72.7 UPGRADES +1 OVR 80 +4 Long Shots 77 +3 Vision 79 +3 Short Pass 78 +4 Reactions 80 | CX12: Overall Max. 79 Position ST Pace Max. 81 Details Submit by in 1 year Expiry in 1 year Coins Cost Free Points Cost Free | CY12: Overall Max. 79 Position ST Pace Max. 81 Details Submit by in 1 year Expiry in 1 year Coins Cost Free Points Cost Free | CZ12: Intro to Repeatable Evolutions 2 | DA12: Intro to Repeatable Evolutions 2 Discover Repeatable Evolutions, allowing you to run multiple players through the same upgrade path! Lee Dong Gyeong 75 CAM PAC 77 SHO 74 PAS 73 DRI 75 DEF 59 PHY 73 CDM CM ST L 4 ★ 5 CAM 76.3 Lee Dong Gyeong 76 CAM PAC 77 SHO 75 PAS 76 DRI 77 DEF 59 PHY 73 CDM CM ST L 4 ★ 5 CAM 77.5 REQUIREMENTS Overall Max. 79 Position ST Pace Max. 81 UPGRADES +1 OVR 80 +4 Long Shots 77 +3 Vision 79 +3 Short Pass 78 +4 Reactions 80 +3 Shot Power 78 +3 Volleys 78 +4 Fk Accuracy 80 +4 Long Pass 77 +4 Dribbling 80 in 1 year in 1 year 80% 20%
A13: Current | B13: Current Evolutions | C13: Intro to Evolutions - EA SPORTS FC 27 | D13: https://www.fut.gg/evolutions/2491-intro-to-evolutions/ | G13: 75 | I13: RB | J13: CB | M13: 80 | S13: 7 | U13: 2 | X13: 34 | Y13: 79 | AL13: 40 | AM13: 80 | AN13: 40 | AO13: 80 | BB13: 40 | BC13: 75 | BD13: 40 | BE13: 78 | BH13: 40 | BI13: 76 | BL13: 40 | BM13: 80 | BN13: 40 | BO13: 78 | BP13: 40 | BQ13: 77 | BT13: 40 | BU13: 80 | BV13: 40 | BW13: 80 | BZ13: 40 | CA13: 76 | CD13: 40 | CE13: 77 | CF13: 40 | CG13: 78 | CH13: 40 | CI13: 75 | CL13: 40 | CM13: 80 | CV13: RB Wingback + | CW13: +34 OVR 79 +40 Sprint Speed 80 +40 Short Pass 76 +40 Balance 77 +40 Interceptions 76 +40 Sliding Tackle 75 +40 Vision 75 +40 Curve 80 +40 Ball Control 80 +40 Defensive Awareness 77 +40 Stamina 80 +40 Acceleration 80 +40 Crossing 78 +40 Agility 78 +40 Dribbling 80 +40 Standing Tackle 78 RB Wingback + 3 Level 1 Smolčić 75 RB PAC 64 SHO 56 PAS 66 DRI 71 DEF 77 PHY 73 RM R 2 ★ 4 Smolčić 79 RB PAC 73 SHO 56 PAS 68 DRI 71 DEF 77 PHY 73 RM R 2 ★ 4 RB 68.5 UPGRADES +34 OVR 79 +40 Sprint Speed 80 +40 Short Pass 76 +40 Balance 77 +40 Interceptions 76 +40 Sliding Tackle 75 | CX13: Max Pos. 2 Overall Max. 75 Position RB Excluded Position CB Max PS 7 Pace Max. 80 Details Submit by in 1 year Expiry in 1 year Coins Cost Free Points Cost Free | CY13: Max Pos. 2 Overall Max. 75 Position RB Excluded Position CB Max PS 7 Pace Max. 80 Details Submit by in 1 year Expiry in 1 year Coins Cost Free Points Cost Free | CZ13: Intro to Evolutions | DA13: Intro to Evolutions Welcome to Evolutions in FC 27! Upgrade a player of your choice and unlock their first attribute boost. Cerezo 65 RB PAC 63 SHO 39 PAS 49 DRI 58 DEF 64 PHY 77 LB R 2 ★ 3 RB 56.5 Cerezo 79 RB PAC 80 SHO 39 PAS 70 DRI 78 DEF 75 PHY 78 LB R 2 ★ 3 RB 75.9 REQUIREMENTS Max Pos. 2 Overall Max. 75 Position RB Excluded Position CB Max PS 7 Pace Max. 80 UPGRADES +34 OVR 79 +40 Sprint Speed 80 +40 Short Pass 76 +40 Balance 77 +40 Interceptions 76 +40 Sliding Tackle 75 +40 Vision 75 +40 Curve 80 +40 Ball Control 80 +40 Defensive Awareness 77 +40 Stamina 80 +40 Acceleration 80 +40 Crossing 78 +40 Agility 78 +40 Dribbling 80 +40 Standing Tackle 78 RB Wingback + 3 in 1 year in 1 year 88% 12%
A14: Current | B14: Current Evolutions | C14: Intro to Training Camp EVOs - EA SPORTS FC 27 | D14: https://www.fut.gg/evolutions/2490-intro-to-training-camp-evos/ | G14: 80 | I14: RB Details Submit by in 1 year Expiry in 1 year Coins Cost Free Points Cost Free | CV14: RB Fullback + | CW14: when the training session concludes. OVERVIEW ELIGIBLE PLAYERS EVOLVED PLAYERS TRENDING EVOLVED PLAYERS Community Verdict Worth Doing 83% of GG users upvoted this Evolution. Vote Now! 83% 17% Completion Difficulty Easy Number of Games 0 Recommended Position RB Number of Wins 0 Is Your Player Eligible? Want to check eligibility for your already evolved players? Sync them now on GG Club Trending Evolved Players View All Evolution Upgrades RB Fullback + Level 1 Hahn 80 CDM PAC 82 SHO 75 PAS 76 DRI 81 DEF 75 PHY 71 RB RM CM R 3 ★ 3 Hahn 80 CDM PAC 82 SHO 75 PAS 76 DRI 81 DEF 75 PHY 71 RB RM CM R 3 ★ 3 CDM 80.2 UPGRADES RB Fullback + | CX14: Overall Max. 80 Position RB Details Submit by in 1 year Expiry in 1 year Coins Cost Free Points Cost Free | CY14: Overall Max. 80 Position RB Details Submit by in 1 year Expiry in 1 year Coins Cost Free Points Cost Free | CZ14: Intro to Training Camp EVOs | DA14: Intro to Training Camp EVOs Send your players to training camp! Collect their attribute upgrades when the training session concludes. Thierry Correia 74 RB PAC 89 SHO 50 PAS 68 DRI 72 DEF 69 PHY 69 LB RM LM R 3 ★ 4 RB 78.2 Thierry Correia 74 RB PAC 89 SHO 50 PAS 68 DRI 72 DEF 69 PHY 69 LB RM LM R 3 ★ 4 RB 79.6 REQUIREMENTS Overall Max. 80 Position RB UPGRADES RB Fullback + TRAINING TIME 1 hours in 1 year in 1 year 83% 17%
A15: Current | B15: Current Evolutions | C15: Intro to Pathway Evolutions - EA SPORTS FC 27 | D15: https://www.fut.gg/evolutions/2488-intro-to-pathway-evolutions/ | G15: 80 | S15: 3 | CW15: ! OVERVIEW ELIGIBLE PLAYERS EVOLVED PLAYERS TRENDING EVOLVED PLAYERS Community Verdict Worth Doing 84% of GG users upvoted this Evolution. Vote Now! 84% 16% Completion Difficulty Easy Number of Games 1 Recommended Position ST Number of Wins 0 Is Your Player Eligible? Want to check eligibility for your already evolved players? Sync them now on GG Club Trending Evolved Players View All Sterling 80 RB PAC 80 SHO 58 PAS 74 DRI 77 DEF 79 PHY 83 CB LB RM LM R 3 ★ 3 RB 82.9 Tiago Santos 80 RB PAC 87 SHO 61 PAS 77 DRI 81 DEF 78 PHY 70 RM R 3 ★ 3 RB 83.5 Engelhardt 80 CDM PAC 84 SHO 60 PAS 72 DRI 71 DEF 80 PHY 84 CM R 3 ★ 3 CDM 82.2 Sterling 80 RB PAC 80 SHO 58 PAS 74 DRI 77 DEF 79 PHY 83 CB LB RM LM R 3 ★ 3 RB 82.9 Mwene 80 LB PAC 82 SHO 60 PAS 74 DRI 80 DEF 76 PHY 78 RB RM LM R 3 ★ 4 RB 81.2 Engelhardt 80 CDM PAC 84 SHO 60 PAS 72 DRI 71 DEF 80 PHY 84 CM R 3 ★ 3 CDM 82.2 Evolution Upgrades A 4 Level 1 Mastantuono 80 RM PAC 80 SHO 78 PAS 79 DRI 83 DEF 53 PHY 70 CAM RW L 3 ★ 3 Mastantuono 80 RM PAC 80 SHO 78 PAS 79 DRI 83 DEF 53 PHY 70 CAM RW L 3 ★ 3 RM 79.6 UPGRADE PATHS Pick one Option A Recommended 4 Option B 4 | CX15: Overall Max. 80 Max PS 3 Details Type Pathway, pick one option per level Submit by in 1 year Expiry in 1 year Coins Cost Free Points Cost Free | CY15: Overall Max. 80 Max PS 3 Details Type Pathway, pick one option per level Submit by in 1 year Expiry in 1 year Coins Cost Free Points Cost Free | CZ15: Intro to Pathway Evolutions | DA15: Intro to Pathway Evolutions Explore Pathway Evolutions, a new type of Evolution that allows you to choose how your player develops and upgrades! Stoica 80 LM PAC 92 SHO 80 PAS 74 DRI 81 DEF 40 PHY 78 CAM ST LW R 3 ★ 3 ST 84.4 Stoica 80 LM PAC 92 SHO 80 PAS 74 DRI 81 DEF 40 PHY 78 CAM ST LW R 3 ★ 3 ST 85.2 REQUIREMENTS Overall Max. 80 Max PS 3 UPGRADES A 4 in 1 year in 1 year 84% 16%
A16: Reward | B16: Objective | C16: Technical - EA SPORTS FC 27 | D16: https://www.fut.gg/evolutions/2543-technical/ | G16: 80 | S16: 2 | CW16: 3 Level 1 Yohannes 80 CM PAC 73 SHO 74 PAS 75 DRI 81 DEF 68 PHY 68 CDM CAM R 3 ★ 2 Yohannes 80 CM PAC 73 SHO 74 PAS 75 DRI 81 DEF 68 PHY 68 CDM CAM R 3 ★ 2 CDM 72.2 UPGRADES 3 | CX16: Overall Max. 80 Max PS 2 Details Submit by in 7 days Expiry in 7 days Coins Cost Free Points Cost Free | CY16: Overall Max. 80 Max PS 2 Details Submit by in 7 days Expiry in 7 days Coins Cost Free Points Cost Free | CZ16: Technical | DA16: Technical Unlocked by completing the Assist 5 task in the Back to Basics Objective objective Feller 80 LW PAC 87 SHO 80 PAS 71 DRI 82 DEF 37 PHY 75 RM LM CAM ST R 3 ★ 3 ST 79.0 Feller 80 LW PAC 87 SHO 80 PAS 71 DRI 82 DEF 37 PHY 75 RM LM CAM ST R 3 ★ 3 ST 79.8 REQUIREMENTS Overall Max. 80 Max PS 2 UPGRADES 3 in 7 days in 7 days 87% 13%
A17: Reward | B17: Reward | C17: Frontline Flair - EA SPORTS FC 27 | D17: https://www.fut.gg/evolutions/2532-frontline-flair/ | G17: 83 | I17: LW, RW, ST | J17: CAM | M17: 84 | S17: 7 | X17: 1 | Y17: 84 | Z17: 2 | AA17: 84 | AB17: 1 | AC17: 82 | AF17: 2 | AG17: 84 | CW17: +1 OVR 84 +2 PAC 84 +1 SHO 82 +2 DRI 84 3 Level 1 Edna Imade 83 ST PAC 76 SHO 83 PAS 65 DRI 77 DEF 45 PHY 80 R 3 ★ 3 Edna Imade 84 ST PAC 78 SHO 83 PAS 65 DRI 79 DEF 45 PHY 80 R 3 ★ 3 ST 76.6 UPGRADES +1 OVR 84 +2 PAC 84 +1 SHO 82 +2 DRI 84 3 | CX17: Overall Max. 83 Position LW, RW, ST Excluded Position CAM Max PS 7 Pace Max. 84 Details Submit by in 9 days Expiry in 16 days Coins Cost Free Points Cost Free | CY17: Overall Max. 83 Position LW, RW, ST Excluded Position CAM Max PS 7 Pace Max. 84 Details Submit by in 9 days Expiry in 16 days Coins Cost Free Points Cost Free | CZ17: Frontline Flair 2 | DA17: Frontline Flair 2 Unlocked via the Token Store for 100 tokens Ueda 80 ST PAC 80 SHO 80 PAS 66 DRI 79 DEF 32 PHY 77 R 3 ★ 4 ST 80.2 Ueda 81 ST PAC 82 SHO 81 PAS 66 DRI 81 DEF 32 PHY 77 R 3 ★ 4 ST 81.7 REQUIREMENTS Overall Max. 83 Position LW, RW, ST Excluded Position CAM Max PS 7 Pace Max. 84 UPGRADES +1 OVR 84 +2 PAC 84 +1 SHO 82 +2 DRI 84 3 in 9 days in 16 days 76% 24%
A18: Reward | B18: Objective | C18: Gallery Excellence - EA SPORTS FC 27 | D18: https://www.fut.gg/evolutions/2527-gallery-excellence/ | CW18: No upgrades Level 1 Ronaldinho 93 LW PAC 91 SHO 89 PAS 90 DRI 95 DEF 38 PHY 80 LM CAM R 5 ★ 4 Ronaldinho 93 LW PAC 91 SHO 89 PAS 90 DRI 95 DEF 38 PHY 80 LM CAM R 5 ★ 4 LW 92.7 UPGRADES No upgrades | CX18: No requirements Details Submit by in 1 year Expiry in 1 year Coins Cost Free Points Cost Free | CY18: No requirements Details Submit by in 1 year Expiry in 1 year Coins Cost Free Points Cost Free | CZ18: Gallery Excellence | DA18: Gallery Excellence Unlocked by completing the Gallery Milestone objective Dumornay 88 ST PAC 92 SHO 85 PAS 79 DRI 90 DEF 60 PHY 73 CDM CM CAM R 4 ★ 5 ST 92.7 Dumornay 88 ST PAC 92 SHO 85 PAS 79 DRI 90 DEF 60 PHY 73 CDM CM CAM R 4 ★ 5 ST 92.7 REQUIREMENTS No requirements UPGRADES No upgrades in 1 year in 1 year 73% 27%
A19: Reward | B19: Standard Season Pass | C19: Season Ladder Excellence [SP 27] - EA SPORTS FC 27 | D19: https://www.fut.gg/evolutions/2526-season-ladder-excellence-sp-27/ | CW19: No upgrades Level 1 Ronaldo 94 ST PAC 94 SHO 94 PAS 79 DRI 94 DEF 43 PHY 75 R 5 ★ 5 Ronaldo 94 ST PAC 94 SHO 94 PAS 79 DRI 94 DEF 43 PHY 75 R 5 ★ 5 ST 96.5 UPGRADES No upgrades | CX19: No requirements Details Submit by in 15 days Expiry in 15 days Coins Cost Free Points Cost Free | CY19: No requirements Details Submit by in 15 days Expiry in 15 days Coins Cost Free Points Cost Free | CZ19: Season Ladder Excellence [SP 27] | DA19: Season Ladder Excellence [SP 27] Unlocked by reaching level 27 in the Standard Season Pass. Dumornay 88 ST PAC 92 SHO 85 PAS 79 DRI 90 DEF 60 PHY 73 CDM CM CAM R 4 ★ 5 ST 92.7 Dumornay 88 ST PAC 92 SHO 85 PAS 79 DRI 90 DEF 60 PHY 73 CDM CM CAM R 4 ★ 5 ST 92.7 REQUIREMENTS No requirements UPGRADES No upgrades in 15 days in 15 days 53% 47%
A20: Reward | B20: Premium Season Pass | C20: Ones to Watch Retro 20 [SP+ 26] - EA SPORTS FC 27 | D20: https://www.fut.gg/evolutions/2505-ones-to-watch-retro-20-sp-26/ | CW20: No upgrades Level 1 Zidane 94 CAM PAC 83 SHO 90 PAS 94 DRI 94 DEF 73 PHY 84 CM R 5 ★ 5 Zidane 94 CAM PAC 83 SHO 90 PAS 94 DRI 94 DEF 73 PHY 84 CM R 5 ★ 5 CAM 94.6 UPGRADES No upgrades | CX20: No requirements Details Submit by in 15 days Expiry in 15 days Coins Cost Free Points Cost Free | CY20: No requirements Details Submit by in 15 days Expiry in 15 days Coins Cost Free Points Cost Free | CZ20: Ones to Watch Retro 20 [SP+ 26] | DA20: Ones to Watch Retro 20 [SP+ 26] Unlocked by reaching level 26 in the Premium Season Pass. Dumornay 88 ST PAC 92 SHO 85 PAS 79 DRI 90 DEF 60 PHY 73 CDM CM CAM R 4 ★ 5 ST 92.7 Dumornay 88 ST PAC 92 SHO 85 PAS 79 DRI 90 DEF 60 PHY 73 CDM CM CAM R 4 ★ 5 ST 92.7 REQUIREMENTS No requirements UPGRADES No upgrades in 15 days in 15 days 20% 80%
A21: Reward | B21: Premium Season Pass | C21: Ones to Watch Retro 19 [SP+ 26] - EA SPORTS FC 27 | D21: https://www.fut.gg/evolutions/2504-ones-to-watch-retro-19-sp-26/ | CW21: No upgrades Level 1 Cruyff 93 CAM PAC 90 SHO 91 PAS 90 DRI 94 DEF 42 PHY 73 ST R 5 ★ 5 Cruyff 93 CAM PAC 90 SHO 91 PAS 90 DRI 94 DEF 42 PHY 73 ST R 5 ★ 5 CAM 93.8 UPGRADES No upgrades | CX21: No requirements Details Submit by in 15 days Expiry in 15 days Coins Cost Free Points Cost Free | CY21: No requirements Details Submit by in 15 days Expiry in 15 days Coins Cost Free Points Cost Free | CZ21: Ones to Watch Retro 19 [SP+ 26] | DA21: Ones to Watch Retro 19 [SP+ 26] Unlocked by reaching level 26 in the Premium Season Pass. Dumornay 88 ST PAC 92 SHO 85 PAS 79 DRI 90 DEF 60 PHY 73 CDM CM CAM R 4 ★ 5 ST 92.7 Dumornay 88 ST PAC 92 SHO 85 PAS 79 DRI 90 DEF 60 PHY 73 CDM CM CAM R 4 ★ 5 ST 92.7 REQUIREMENTS No requirements UPGRADES No upgrades in 15 days in 15 days 16% 84%
A22: Reward | B22: Standard Season Pass | C22: Ones to Watch Retro 18 [SP 27] - EA SPORTS FC 27 | D22: https://www.fut.gg/evolutions/2503-ones-to-watch-retro-18-sp-27/ | CW22: No upgrades Level 1 Zidane 94 CAM PAC 83 SHO 90 PAS 94 DRI 94 DEF 73 PHY 84 CM R 5 ★ 5 Zidane 94 CAM PAC 83 SHO 90 PAS 94 DRI 94 DEF 73 PHY 84 CM R 5 ★ 5 CAM 94.6 UPGRADES No upgrades | CX22: No requirements Details Submit by in 15 days Expiry in 15 days Coins Cost Free Points Cost Free | CY22: No requirements Details Submit by in 15 days Expiry in 15 days Coins Cost Free Points Cost Free | CZ22: Ones to Watch Retro 18 [SP 27] | DA22: Ones to Watch Retro 18 [SP 27] Unlocked by reaching level 27 in the Standard Season Pass. Dumornay 88 ST PAC 92 SHO 85 PAS 79 DRI 90 DEF 60 PHY 73 CDM CM CAM R 4 ★ 5 ST 92.7 Dumornay 88 ST PAC 92 SHO 85 PAS 79 DRI 90 DEF 60 PHY 73 CDM CM CAM R 4 ★ 5 ST 92.7 REQUIREMENTS No requirements UPGRADES No upgrades in 15 days in 15 days 22% 78%
A23: Reward | B23: Objective | C23: Pinged Pass - EA SPORTS FC 27 | D23: https://www.fut.gg/evolutions/2501-pinged-pass/ | G23: 79 | S23: 2 | CW23: 3 Level 1 Gerard Martín 79 CB PAC 74 SHO 53 PAS 75 DRI 70 DEF 80 PHY 79 LB LM L 3 ★ 3 Gerard Martín 79 CB PAC 74 SHO 53 PAS 75 DRI 70 DEF 80 PHY 79 LB LM L 3 ★ 3 CB 77.5 UPGRADES 3 | CX23: Overall Max. 79 Max PS 2 Details Submit by in 16 days Expiry in 16 days Coins Cost Free Points Cost Free | CY23: Overall Max. 79 Max PS 2 Details Submit by in 16 days Expiry in 16 days Coins Cost Free Points Cost Free | CZ23: Pinged Pass | DA23: Pinged Pass Unlocked by completing the Pep's Domination task in the Ones We Watched World Class Challenge objective Pineda 78 CAM PAC 81 SHO 73 PAS 74 DRI 82 DEF 73 PHY 71 CM R 4 ★ 4 CM 78.7 Pineda 78 CAM PAC 81 SHO 73 PAS 74 DRI 82 DEF 73 PHY 71 CM R 4 ★ 4 CM 79.8 REQUIREMENTS Overall Max. 79 Max PS 2 UPGRADES 3 in 16 days in 16 days 97% 3%
A24: Reward | B24: Objective | C24: Believe - EA SPORTS FC 27 | D24: https://www.fut.gg/evolutions/2500-believe/ | G24: 82 | I24: ST Details Submit by in 11 months Expiry in 11 months Coins Cost Free Points Cost Free | X24: 1 | Y24: 83 | BH24: 4 | BI24: 83 | BX24: 3 | BY24: 84 | CW24: +1 OVR 83 +4 Short Pass 83 +3 Composure 84 Level 1 Kean 82 ST PAC 85 SHO 82 PAS 59 DRI 81 DEF 41 PHY 74 R 3 ★ 3 Kean 83 ST PAC 85 SHO 82 PAS 60 DRI 81 DEF 41 PHY 74 R 3 ★ 3 ST 80.4 UPGRADES +1 OVR 83 +4 Short Pass 83 +3 Composure 84 | CX24: Overall Max. 82 Position ST Details Submit by in 11 months Expiry in 11 months Coins Cost Free Points Cost Free | CY24: Overall Max. 82 Position ST Details Submit by in 11 months Expiry in 11 months Coins Cost Free Points Cost Free | CZ24: Believe | DA24: Believe Unlocked by completing the Ted Lasso's Masterclass objective Chiesa 80 RM PAC 87 SHO 79 PAS 75 DRI 83 DEF 44 PHY 68 RW ST R 4 ★ 4 RM 83.7 Chiesa 81 RM PAC 87 SHO 79 PAS 77 DRI 83 DEF 44 PHY 68 RW ST R 4 ★ 4 RM 84.1 REQUIREMENTS Overall Max. 82 Position ST UPGRADES +1 OVR 83 +4 Short Pass 83 +3 Composure 84 in 11 months in 11 months 35% 65%
A25: Reward | B25: Premium Season Pass | C25: Shooting Practice [SP+ 28] - EA SPORTS FC 27 | D25: https://www.fut.gg/evolutions/2499-shooting-practice-sp-28/ | G25: 81 | I25: LW, RW, ST | S25: 3 | T25: 0 | CW25: B · A 4 Level 1 Poljak 81 LB PAC 80 SHO 63 PAS 75 DRI 74 DEF 76 PHY 83 RB RM LM LW R 4 ★ 3 Poljak 81 LB PAC 80 SHO 63 PAS 75 DRI 74 DEF 76 PHY 83 RB RM LM LW R 4 ★ 3 RB 73.5 UPGRADE PATHS Pick one Option A 4 Option B Recommended 4 | CX25: Overall Max. 81 Position LW, RW, ST Max PS 3 Max PS+ 0 Details Type Pathway, pick one option per level Submit by in 16 days Expiry in 16 days Coins Cost Free Points Cost Free | CY25: Overall Max. 81 Position LW, RW, ST Max PS 3 Max PS+ 0 Details Type Pathway, pick one option per level Submit by in 16 days Expiry in 16 days Coins Cost Free Points Cost Free | CZ25: Shooting Practice [SP+ 28] | DA25: Shooting Practice [SP+ 28] Unlocked by reaching level 28 in the Premium Season Pass. Nkoudou 78 LM PAC 92 SHO 79 PAS 71 DRI 81 DEF 34 PHY 63 LW R 5 ★ 3 LM 81.1 Nkoudou 78 LM PAC 92 SHO 79 PAS 71 DRI 81 DEF 34 PHY 63 LW R 5 ★ 3 LM 82.8 REQUIREMENTS Overall Max. 81 Position LW, RW, ST Max PS 3 Max PS+ 0 UPGRADES B · A 4 in 16 days in 16 days 83% 17%
A26: Reward | B26: Standard Season Pass | C26: Creative or Composed? [SP 27] - EA SPORTS FC 27 | D26: https://www.fut.gg/evolutions/2498-creative-or-composed-sp-27/ | G26: 79 | S26: 2 | CW26: A · A 3 Level 1 Atubolu 79 GK DIV 79 HAN 74 KIC 79 REF 80 SPD 55 POS 76 R 1 ★ 3 Atubolu 79 GK DIV 79 HAN 74 KIC 79 REF 80 SPD 55 POS 76 R 1 ★ 3 GK 78.8 UPGRADE PATHS Pick one Option A Recommended 3 Option B 3 | CX26: Overall Max. 79 Max PS 2 Details Type Pathway, pick one option per level Submit by in 16 days Expiry in 16 days Coins Cost Free Points Cost Free | CY26: Overall Max. 79 Max PS 2 Details Type Pathway, pick one option per level Submit by in 16 days Expiry in 16 days Coins Cost Free Points Cost Free | CZ26: Creative or Composed? [SP 27] | DA26: Creative or Composed? [SP 27] Unlocked by reaching level 27 in the Standard Season Pass. Baku 79 RB PAC 83 SHO 72 PAS 75 DRI 80 DEF 75 PHY 76 RM CM RW R 3 ★ 4 CM 78.4 Baku 79 RB PAC 83 SHO 72 PAS 75 DRI 80 DEF 75 PHY 76 RM CM RW R 3 ★ 4 CM 80.2 REQUIREMENTS Overall Max. 79 Max PS 2 UPGRADES A · A 3 in 16 days in 16 days 88% 13%
A27: Reward | B27: Premium Season Pass | C27: Winger Glow Up [SP+ 26] - EA SPORTS FC 27 | D27: https://www.fut.gg/evolutions/2497-winger-glow-up-sp-26/ | G27: 81 | I27: LW | J27: LB, ST | M27: 85 | S27: 7 | T27: 0 | U27: 3 | X27: 10 | Y27: 83 | AL27: 15 | AM27: 85 | AN27: 15 | AO27: 85 | AP27: 10 | AQ27: 80 | AR27: 10 | AS27: 78 | AT27: 10 | AU27: 77 | AV27: 10 | AW27: 80 | AX27: 10 | AY27: 74 | AZ27: 10 | BA27: 74 | BB27: 10 | BC27: 81 | BD27: 10 | BE27: 82 | BH27: 10 | BI27: 76 | BJ27: 10 | BK27: 80 | BL27: 10 | BM27: 78 | BN27: 15 | BO27: 86 | BP27: 15 | BQ27: 85 | BR27: 15 | BS27: 78 | BT27: 15 | BU27: 85 | BV27: 15 | BW27: 84 | BX27: 15 | BY27: 80 | CL27: 10 | CM27: 72 | CR27: 1 | CS27: 3 | CW27: +10 OVR 83 +1 SM 3 +10 Positioning 80 +10 Volleys 74 +10 Fk Accuracy 73 +15 Agility 86 +15 Dribbling 84 +10 Finishing 78 +10 Penalties 74 +10 Short Pass 76 +15 Balance 85 +15 Composure 80 +15 Acceleration 85 +10 Shot Power 77 +10 Vision 81 +10 Long Pass 80 +15 Reactions 78 +10 Stamina 72 +15 Sprint Speed 85 +10 Long Shots 80 +10 Crossing 82 +10 Curve 78 +15 Ball Control 85 3 Level 1 Dudinha 81 LM PAC 71 SHO 73 PAS 78 DRI 81 DEF 41 PHY 52 LW L 4 ★ 3 Dudinha 83 LM PAC 71 SHO 74 PAS 78 DRI 83 DEF 41 PHY 52 LW L 4 ★ 3 LM 70.1 UPGRADES +10 OVR 83 +10 Positioning 80 +10 Volleys 74 +10 Fk Accuracy 73 +15 Agility 86 +15 Dribbling 84 | CX27: Max Pos. 3 Overall Max. 81 Position LW Excluded Position LB, ST Max PS 7 Max PS+ 0 Pace Max. 85 Details Submit by in 16 days Expiry in 16 days Coins Cost Free Points Cost Free | CY27: Max Pos. 3 Overall Max. 81 Position LW Excluded Position LB, ST Max PS 7 Max PS+ 0 Pace Max. 85 Details Submit by in 16 days Expiry in 16 days Coins Cost Free Points Cost Free | CZ27: Winger Glow Up [SP+ 26] | DA27: Winger Glow Up [SP+ 26] Unlocked by reaching level 26 in the Premium Season Pass. Cambiaghi 76 LM PAC 73 SHO 74 PAS 72 DRI 79 DEF 43 PHY 60 LW R 3 ★ 5 LM 70.1 Cambiaghi 83 LM PAC 85 SHO 78 PAS 78 DRI 84 DEF 43 PHY 63 LW R 3 ★ 5 LM 80.9 REQUIREMENTS Max Pos. 3 Overall Max. 81 Position LW Excluded Position LB, ST Max PS 7 Max PS+ 0 Pace Max. 85 UPGRADES +10 OVR 83 +1 SM 3 +10 Positioning 80 +10 Volleys 74 +10 Fk Accuracy 73 +15 Agility 86 +15 Dribbling 84 +10 Finishing 78 +10 Penalties 74 +10 Short Pass 76 +15 Balance 85 +15 Composure 80 +15 Acceleration 85 +10 Shot Power 77 +10 Vision 81 +10 Long Pass 80 +15 Reactions 78 +10 Stamina 72 +15 Sprint Speed 85 +10 Long Shots 80 +10 Crossing 82 +10 Curve 78 +15 Ball Control 85 3 in 16 days in 16 days 91% 9%
A28: Reward | B28: Premium Season Pass | C28: Tactical Ascent [SP+ 14] - EA SPORTS FC 27 | D28: https://www.fut.gg/evolutions/2496-tactical-ascent-sp-14/ | G28: 79 | S28: 2 | CW28: A · A 3 Level 1 Atubolu 79 GK DIV 79 HAN 74 KIC 79 REF 80 SPD 55 POS 76 R 1 ★ 3 Atubolu 79 GK DIV 79 HAN 74 KIC 79 REF 80 SPD 55 POS 76 R 1 ★ 3 GK 78.7 UPGRADE PATHS Pick one Option A Recommended 3 Option B 3 | CX28: Overall Max. 79 Max PS 2 Details Type Pathway, pick one option per level Submit by in 16 days Expiry in 16 days Coins Cost Free Points Cost Free | CY28: Overall Max. 79 Max PS 2 Details Type Pathway, pick one option per level Submit by in 16 days Expiry in 16 days Coins Cost Free Points Cost Free | CZ28: Tactical Ascent [SP+ 14] | DA28: Tactical Ascent [SP+ 14] Unlocked by reaching level 14 in the Premium Season Pass. Mika Mármol 75 CB PAC 85 SHO 55 PAS 66 DRI 73 DEF 74 PHY 79 LB L 2 ★ 3 LB 77.1 Mika Mármol 75 CB PAC 85 SHO 55 PAS 66 DRI 73 DEF 74 PHY 79 LB L 2 ★ 3 LB 80.4 REQUIREMENTS Overall Max. 79 Max PS 2 UPGRADES A · A 3 in 16 days in 16 days 89% 11%
A29: Reward | B29: Standard Season Pass | C29: Relentless [SP 11] - EA SPORTS FC 27 | D29: https://www.fut.gg/evolutions/2495-relentless-sp-11/ | G29: 79 | S29: 2 | CW29: 3 Level 1 Gabriel Jesus 79 ST PAC 78 SHO 79 PAS 74 DRI 84 DEF 39 PHY 68 CAM R 4 ★ 3 Gabriel Jesus 79 ST PAC 78 SHO 79 PAS 74 DRI 84 DEF 39 PHY 68 CAM R 4 ★ 3 ST 79.1 UPGRADES 3 | CX29: Overall Max. 79 Max PS 2 Details Submit by in 16 days Expiry in 16 days Coins Cost Free Points Cost Free | CY29: Overall Max. 79 Max PS 2 Details Submit by in 16 days Expiry in 16 days Coins Cost Free Points Cost Free | CZ29: Relentless [SP 11] | DA29: Relentless [SP 11] Unlocked by reaching level 11 in the Standard Season Pass. Baku 79 RB PAC 83 SHO 72 PAS 75 DRI 80 DEF 75 PHY 76 RM CM RW R 3 ★ 4 CM 78.4 Baku 79 RB PAC 83 SHO 72 PAS 75 DRI 80 DEF 75 PHY 76 RM CM RW R 3 ★ 4 CM 79.0 REQUIREMENTS Overall Max. 79 Max PS 2 UPGRADES 3 in 16 days in 16 days 40% 60%
A30: Reward | B30: Standard Season Pass | C30: Striker Glow Up [SP 7] - EA SPORTS FC 27 | D30: https://www.fut.gg/evolutions/2494-striker-glow-up-sp-7/ | G30: 79 | I30: ST | J30: CAM, CM | M30: 84 | S30: 7 | U30: 3 | X30: 10 | Y30: 80 | AL30: 10 | AM30: 80 | AN30: 10 | AO30: 78 | AP30: 15 | AQ30: 82 | AR30: 15 | AS30: 83 | AT30: 15 | AU30: 82 | AV30: 15 | AW30: 78 | AX30: 15 | AY30: 78 | AZ30: 10 | BA30: 75 | BB30: 8 | BC30: 70 | BH30: 8 | BI30: 72 | BJ30: 8 | BK30: 62 | BL30: 15 | BM30: 77 | BN30: 15 | BO30: 78 | BP30: 15 | BQ30: 77 | BR30: 10 | BS30: 76 | BT30: 10 | BU30: 76 | BV30: 10 | BW30: 76 | BX30: 8 | BY30: 80 | CJ30: 10 | CK30: 78 | CL30: 10 | CM30: 67 | CW30: +10 OVR 80 +15 Positioning 82 +15 Volleys 78 +8 Long Pass 62 +10 Reactions 76 +10 Jumping 78 +15 Finishing 83 +10 Penalties 75 +15 Curve 77 +10 Ball Control 76 +10 Stamina 67 +10 Acceleration 80 +15 Shot Power 82 +8 Vision 70 +15 Agility 78 +10 Dribbling 76 +10 Sprint Speed 78 +15 Long Shots 78 +8 Short Pass 72 +15 Balance 77 +8 Composure 80 3 Level 1 Panichelli 79 ST PAC 69 SHO 81 PAS 63 DRI 73 DEF 28 PHY 82 R 3 ★ 3 Panichelli 80 ST PAC 69 SHO 81 PAS 64 DRI 73 DEF 28 PHY 82 R 3 ★ 3 ST 69.5 UPGRADES +10 OVR 80 +15 Positioning 82 +15 Volleys 78 +8 Long Pass 62 +10 Reactions 76 +10 Jumping 78 | CX30: Max Pos. 3 Overall Max. 79 Position ST Excluded Position CAM, CM Max PS 7 Pace Max. 84 Details Submit by in 16 days Expiry in 16 days Coins Cost Free Points Cost Free | CY30: Max Pos. 3 Overall Max. 79 Position ST Excluded Position CAM, CM Max PS 7 Pace Max. 84 Details Submit by in 16 days Expiry in 16 days Coins Cost Free Points Cost Free | CZ30: Striker Glow Up [SP 7] | DA30: Striker Glow Up [SP 7] Unlocked by reaching level 7 in the Standard Season Pass. Zirkzee 77 ST PAC 67 SHO 76 PAS 73 DRI 80 DEF 42 PHY 75 R 4 ★ 3 ST 70.9 Zirkzee 80 ST PAC 77 SHO 81 PAS 74 DRI 82 DEF 42 PHY 75 R 4 ★ 3 ST 78.6 REQUIREMENTS Max Pos. 3 Overall Max. 79 Position ST Excluded Position CAM, CM Max PS 7 Pace Max. 84 UPGRADES +10 OVR 80 +15 Positioning 82 +15 Volleys 78 +8 Long Pass 62 +10 Reactions 76 +10 Jumping 78 +15 Finishing 83 +10 Penalties 75 +15 Curve 77 +10 Ball Control 76 +10 Stamina 67 +10 Acceleration 80 +15 Shot Power 82 +8 Vision 70 +15 Agility 78 +10 Dribbling 76 +10 Sprint Speed 78 +15 Long Shots 78 +8 Short Pass 72 +15 Balance 77 +8 Composure 80 3 in 16 days in 16 days 89% 11%
A31: Reward | B31: Premium Season Pass | C31: Midfield Polish [SP+ 1] - EA SPORTS FC 27 | D31: https://www.fut.gg/evolutions/2493-midfield-polish-sp-1/ | G31: 79 | I31: CM, CDM | J31: CAM Details Submit by in 16 days Expiry in 16 days Coins Cost Free Points Cost Free | X31: 1 | Y31: 80 | AD31: 1 | AE31: 79 | AH31: 1 | AI31: 79 | CW31: +1 OVR 80 +1 PAS 79 +1 DEF 79 Level 1 Nildén 79 LB PAC 83 SHO 52 PAS 73 DRI 72 DEF 74 PHY 75 CDM L 3 ★ 3 Nildén 80 LB PAC 83 SHO 52 PAS 74 DRI 72 DEF 75 PHY 75 CDM L 3 ★ 3 LB 75.4 UPGRADES +1 OVR 80 +1 PAS 79 +1 DEF 79 | CX31: Overall Max. 79 Position CM, CDM Excluded Position CAM Details Submit by in 16 days Expiry in 16 days Coins Cost Free Points Cost Free | CY31: Overall Max. 79 Position CM, CDM Excluded Position CAM Details Submit by in 16 days Expiry in 16 days Coins Cost Free Points Cost Free | CZ31: Midfield Polish [SP+ 1] | DA31: Midfield Polish [SP+ 1] Unlocked by reaching level 1 in the Premium Season Pass. Berg 79 CDM PAC 74 SHO 69 PAS 78 DRI 73 DEF 74 PHY 83 CM R 3 ★ 3 CM 77.8 Berg 80 CDM PAC 74 SHO 69 PAS 79 DRI 73 DEF 75 PHY 83 CM R 3 ★ 3 CM 78.4 REQUIREMENTS Overall Max. 79 Position CM, CDM Excluded Position CAM UPGRADES +1 OVR 80 +1 PAS 79 +1 DEF 79 in 16 days in 16 days 24% 76%
A32: Reward | B32: Reward | C32: Repeat Delivery - EA SPORTS FC 27 | D32: https://www.fut.gg/evolutions/2489-repeat-delivery/ | G32: 74 | I32: LM, RM | J32: LB, RB | M32: 83 | S32: 7 | X32: 8 | Y32: 78 | AL32: 5 | AM32: 80 | AN32: 5 | AO32: 80 | BB32: 15 | BC32: 84 | BD32: 10 | BE32: 78 | BH32: 15 | BI32: 76 | BJ32: 12 | BK32: 76 | BL32: 12 | BM32: 78 | BN32: 8 | BO32: 78 | BP32: 12 | BQ32: 75 | BR32: 12 | BS32: 73 | BT32: 8 | BU32: 74 | BV32: 8 | BW32: 74 | BX32: 10 | BY32: 75 | CL32: 15 | CM32: 78 | CR32: 2 | CS32: 3 | CT32: 2 | CU32: 3 | CW32: +8 OVR 78 +2 SM 3 +2 WF 3 +5 Sprint Speed 80 +15 Short Pass 76 +12 Balance 75 +10 Composure 75 +15 Vision 84 +12 Long Pass 76 +12 Reactions 73 +15 Stamina 78 +10 Crossing 78 +12 Curve 78 +8 Ball Control 74 +5 Acceleration 80 +4 Fk Accuracy 80 +8 Agility 78 +8 Dribbling 74 3 Level 1 Kats 74 LW PAC 81 SHO 74 PAS 66 DRI 73 DEF 35 PHY 58 LM CAM ST R 3 ★ 3 Kats 78 LW PAC 81 SHO 74 PAS 68 DRI 74 DEF 35 PHY 58 LM CAM ST R 3 ★ 3 LM 70.0 UPGRADES +8 OVR 78 +5 Sprint Speed 80 +15 Short Pass 76 +12 Balance 75 +10 Composure 75 | CX32: Overall Max. 74 Position LM, RM Excluded Position LB, RB Max PS 7 Pace Max. 83 Details Submit by in 8 days Expiry in 8 days Coins Cost Free Points Cost Free | CY32: Overall Max. 74 Position LM, RM Excluded Position LB, RB Max PS 7 Pace Max. 83 Details Submit by in 8 days Expiry in 8 days Coins Cost Free Points Cost Free | CZ32: Repeat Delivery 4 | DA32: Repeat Delivery 4 Keep the service coming. Upgrade your wide midfielder’s passing and delivery, then run it back for another round and keep feeding your attack from the flanks. Meza 73 CM PAC 69 SHO 71 PAS 73 DRI 76 DEF 68 PHY 73 CDM RM RW R 5 ★ 4 CM 71.8 Meza 78 CM PAC 74 SHO 71 PAS 78 DRI 77 DEF 68 PHY 76 CDM RM RW R 5 ★ 4 CM 77.1 REQUIREMENTS Overall Max. 74 Position LM, RM Excluded Position LB, RB Max PS 7 Pace Max. 83 UPGRADES +8 OVR 78 +2 SM 3 +2 WF 3 +5 Sprint Speed 80 +15 Short Pass 76 +12 Balance 75 +10 Composure 75 +15 Vision 84 +12 Long Pass 76 +12 Reactions 73 +15 Stamina 78 +10 Crossing 78 +12 Curve 78 +8 Ball Control 74 +5 Acceleration 80 +4 Fk Accuracy 80 +8 Agility 78 +8 Dribbling 74 3 TRAINING TIME 1 day in 8 days in 8 days 91% 9%

Sheet Upgrades_Long
A1: Level | B1: Upgrade_Type | C1: Stat_Name | D1: Increase | E1: Cap_or_Result | F1: Raw_Text | G1: Evolution_Name | H1: Source_Group | I1: Category | J1: URL
B2: Sub Stat | C2: Agility | D2: 10 | E2: 90 | F2: +10 Agility 90 | G2: Rapid Gains - EA SPORTS FC 26 | H2: Current | I2: Current Evolutions | J2: https://www.fut.gg/evolutions/1962-rapid-gains/
B3: Sub Stat | C3: Strength | D3: 10 | E3: 95 | F3: +10 Strength 95 | G3: Rapid Gains - EA SPORTS FC 26 | H3: Current | I3: Current Evolutions | J3: https://www.fut.gg/evolutions/1962-rapid-gains/
B4: Sub Stat | C4: Agility | D4: 10 | E4: 90 | F4: +10 Agility 90 | G4: Rapid Gains - EA SPORTS FC 26 | H4: Current | I4: Current Evolutions | J4: https://www.fut.gg/evolutions/1962-rapid-gains/
B5: Sub Stat | C5: Strength | D5: 10 | E5: 95 | F5: +10 Strength 95 | G5: Rapid Gains - EA SPORTS FC 26 | H5: Current | I5: Current Evolutions | J5: https://www.fut.gg/evolutions/1962-rapid-gains/
B6: Face Stat | C6: OVR | D6: 1 | F6: +1 OVR | G6: Tie Interceptor - EA SPORTS FC 26 | H6: Current | I6: Current Evolutions | J6: https://www.fut.gg/evolutions/1954-tie-interceptor/
B7: Sub Stat | C7: Vision | D7: 5 | E7: 91 | F7: +5 Vision 91 | G7: Tie Interceptor - EA SPORTS FC 26 | H7: Current | I7: Current Evolutions | J7: https://www.fut.gg/evolutions/1954-tie-interceptor/
B8: Sub Stat | C8: Short Passing | D8: 2 | E8: 90 | F8: +2 Short Pass 90 | G8: Tie Interceptor - EA SPORTS FC 26 | H8: Current | I8: Current Evolutions | J8: https://www.fut.gg/evolutions/1954-tie-interceptor/
B9: Sub Stat | C9: Long Passing | D9: 2 | E9: 93 | F9: +2 Long Pass 93 | G9: Tie Interceptor - EA SPORTS FC 26 | H9: Current | I9: Current Evolutions | J9: https://www.fut.gg/evolutions/1954-tie-interceptor/
B10: Sub Stat | C10: Agility | D10: 5 | E10: 88 | F10: +5 Agility 88 | G10: Tie Interceptor - EA SPORTS FC 26 | H10: Current | I10: Current Evolutions | J10: https://www.fut.gg/evolutions/1954-tie-interceptor/
B11: Sub Stat | C11: Interceptions | D11: 5 | E11: 93 | F11: +5 Interceptions 93 | G11: Tie Interceptor - EA SPORTS FC 26 | H11: Current | I11: Current Evolutions | J11: https://www.fut.gg/evolutions/1954-tie-interceptor/
B12: Sub Stat | C12: Defensive Awareness | D12: 5 | E12: 92 | F12: +5 Defensive Awareness 92 | G12: Tie Interceptor - EA SPORTS FC 26 | H12: Current | I12: Current Evolutions | J12: https://www.fut.gg/evolutions/1954-tie-interceptor/
B13: Sub Stat | C13: Strength | D13: 2 | E13: 92 | F13: +2 Strength 92 | G13: Tie Interceptor - EA SPORTS FC 26 | H13: Current | I13: Current Evolutions | J13: https://www.fut.gg/evolutions/1954-tie-interceptor/
B14: Sub Stat | C14: Aggression | D14: 2 | E14: 93 | F14: +2 Aggression 93 | G14: Tie Interceptor - EA SPORTS FC 26 | H14: Current | I14: Current Evolutions | J14: https://www.fut.gg/evolutions/1954-tie-interceptor/
B15: Face Stat | C15: OVR | D15: 1 | F15: +1 OVR | G15: Tie Interceptor - EA SPORTS FC 26 | H15: Current | I15: Current Evolutions | J15: https://www.fut.gg/evolutions/1954-tie-interceptor/
B16: Sub Stat | C16: Vision | D16: 5 | E16: 91 | F16: +5 Vision 91 | G16: Tie Interceptor - EA SPORTS FC 26 | H16: Current | I16: Current Evolutions | J16: https://www.fut.gg/evolutions/1954-tie-interceptor/
B17: Sub Stat | C17: Short Passing | D17: 2 | E17: 90 | F17: +2 Short Pass 90 | G17: Tie Interceptor - EA SPORTS FC 26 | H17: Current | I17: Current Evolutions | J17: https://www.fut.gg/evolutions/1954-tie-interceptor/
B18: Sub Stat | C18: Long Passing | D18: 2 | E18: 93 | F18: +2 Long Pass 93 | G18: Tie Interceptor - EA SPORTS FC 26 | H18: Current | I18: Current Evolutions | J18: https://www.fut.gg/evolutions/1954-tie-interceptor/
B19: Sub Stat | C19: Agility | D19: 5 | E19: 88 | F19: +5 Agility 88 | G19: Tie Interceptor - EA SPORTS FC 26 | H19: Current | I19: Current Evolutions | J19: https://www.fut.gg/evolutions/1954-tie-interceptor/
B20: Sub Stat | C20: Interceptions | D20: 5 | E20: 93 | F20: +5 Interceptions 93 | G20: Tie Interceptor - EA SPORTS FC 26 | H20: Current | I20: Current Evolutions | J20: https://www.fut.gg/evolutions/1954-tie-interceptor/
B21: Face Stat | C21: OVR | D21: 15 | E21: 91 | F21: +15 OVR 91 | G21: The Trailblazer - EA SPORTS FC 26 | H21: Current | I21: Current Evolutions | J21: https://www.fut.gg/evolutions/1953-the-trailblazer/
B22: Skill | C22: WF | D22: 4 | F22: +4 WF | G22: The Trailblazer - EA SPORTS FC 26 | H22: Current | I22: Current Evolutions | J22: https://www.fut.gg/evolutions/1953-the-trailblazer/
B23: Sub Stat | C23: Acceleration | D23: 25 | E23: 92 | F23: +25 Acceleration 92 | G23: The Trailblazer - EA SPORTS FC 26 | H23: Current | I23: Current Evolutions | J23: https://www.fut.gg/evolutions/1953-the-trailblazer/
B24: Sub Stat | C24: Short Passing | D24: 25 | E24: 93 | F24: +25 Short Pass 93 | G24: The Trailblazer - EA SPORTS FC 26 | H24: Current | I24: Current Evolutions | J24: https://www.fut.gg/evolutions/1953-the-trailblazer/
B25: Sub Stat | C25: Long Passing | D25: 25 | E25: 89 | F25: +25 Long Pass 89 | G25: The Trailblazer - EA SPORTS FC 26 | H25: Current | I25: Current Evolutions | J25: https://www.fut.gg/evolutions/1953-the-trailblazer/
B26: Sub Stat | C26: Curve | D26: 15 | E26: 88 | F26: +15 Curve 88 | G26: The Trailblazer - EA SPORTS FC 26 | H26: Current | I26: Current Evolutions | J26: https://www.fut.gg/evolutions/1953-the-trailblazer/
B27: Sub Stat | C27: Sprint Speed | D27: 25 | E27: 91 | F27: +25 Sprint Speed 91 | G27: The Trailblazer - EA SPORTS FC 26 | H27: Current | I27: Current Evolutions | J27: https://www.fut.gg/evolutions/1953-the-trailblazer/
B28: Sub Stat | C28: Vision | D28: 15 | E28: 87 | F28: +15 Vision 87 | G28: The Trailblazer - EA SPORTS FC 26 | H28: Current | I28: Current Evolutions | J28: https://www.fut.gg/evolutions/1953-the-trailblazer/
B29: Sub Stat | C29: Crossing | D29: 20 | E29: 89 | F29: +20 Crossing 89 | G29: The Trailblazer - EA SPORTS FC 26 | H29: Current | I29: Current Evolutions | J29: https://www.fut.gg/evolutions/1953-the-trailblazer/
B30: Sub Stat | C30: Fk Accuracy | D30: 10 | E30: 80 | F30: +10 Fk Accuracy 80 | G30: The Trailblazer - EA SPORTS FC 26 | H30: Current | I30: Current Evolutions | J30: https://www.fut.gg/evolutions/1953-the-trailblazer/
B31: Sub Stat | C31: Aggression | D31: 10 | E31: 89 | F31: +10 Aggression 89 | G31: The Trailblazer - EA SPORTS FC 26 | H31: Current | I31: Current Evolutions | J31: https://www.fut.gg/evolutions/1953-the-trailblazer/
B32: Sub Stat | C32: Agility | D32: 20 | E32: 91 | F32: +20 Agility 91 | G32: The Trailblazer - EA SPORTS FC 26 | H32: Current | I32: Current Evolutions | J32: https://www.fut.gg/evolutions/1953-the-trailblazer/
B33: Sub Stat | C33: Balance | D33: 20 | E33: 88 | F33: +20 Balance 88 | G33: The Trailblazer - EA SPORTS FC 26 | H33: Current | I33: Current Evolutions | J33: https://www.fut.gg/evolutions/1953-the-trailblazer/
B34: Sub Stat | C34: Stamina | D34: 10 | E34: 90 | F34: +10 Stamina 90 | G34: The Trailblazer - EA SPORTS FC 26 | H34: Current | I34: Current Evolutions | J34: https://www.fut.gg/evolutions/1953-the-trailblazer/
... B61: Face Stat | C61: OVR | D61: 30 | E61: 91 | F61: +30 OVR 91 | G61: The King of Highbury - EA SPORTS FC 26 | H61: Current | I61: Current Evolutions | J61: https://www.fut.gg/evolutions/1939-the-king-of-highbury/
B62: Skill | C62: SM | D62: 4 | F62: +4 SM | G62: The King of Highbury - EA SPORTS FC 26 | H62: Current | I62: Current Evolutions | J62: https://www.fut.gg/evolutions/1939-the-king-of-highbury/
B63: Skill | C63: WF | D63: 3 | E63: 4 | F63: +3 WF 4 | G63: The King of Highbury - EA SPORTS FC 26 | H63: Current | I63: Current Evolutions | J63: https://www.fut.gg/evolutions/1939-the-king-of-highbury/
B64: Sub Stat | C64: Acceleration | D64: 30 | E64: 92 | F64: +30 Acceleration 92 | G64: The King of Highbury - EA SPORTS FC 26 | H64: Current | I64: Current Evolutions | J64: https://www.fut.gg/evolutions/1939-the-king-of-highbury/
B65: Sub Stat | C65: Agility | D65: 30 | E65: 90 | F65: +30 Agility 90 | G65: The King of Highbury - EA SPORTS FC 26 | H65: Current | I65: Current Evolutions | J65: https://www.fut.gg/evolutions/1939-the-king-of-highbury/
B66: Sub Stat | C66: Balance | D66: 30 | E66: 88 | F66: +30 Balance 88 | G66: The King of Highbury - EA SPORTS FC 26 | H66: Current | I66: Current Evolutions | J66: https://www.fut.gg/evolutions/1939-the-king-of-highbury/
B67: Sub Stat | C67: Reactions | D67: 30 | E67: 93 | F67: +30 Reactions 93 | G67: The King of Highbury - EA SPORTS FC 26 | H67: Current | I67: Current Evolutions | J67: https://www.fut.gg/evolutions/1939-the-king-of-highbury/
B68: Sub Stat | C68: Ball Control | D68: 30 | E68: 89 | F68: +30 Ball Control 89 | G68: The King of Highbury - EA SPORTS FC 26 | H68: Current | I68: Current Evolutions | J68: https://www.fut.gg/evolutions/1939-the-king-of-highbury/
B69: Sub Stat | C69: Sprint Speed | D69: 30 | E69: 92 | F69: +30 Sprint Speed 92 | G69: The King of Highbury - EA SPORTS FC 26 | H69: Current | I69: Current Evolutions | J69: https://www.fut.gg/evolutions/1939-the-king-of-highbury/
B70: Sub Stat | C70: Positioning | D70: 30 | E70: 92 | F70: +30 Positioning 92 | G70: The King of Highbury - EA SPORTS FC 26 | H70: Current | I70: Current Evolutions | J70: https://www.fut.gg/evolutions/1939-the-king-of-highbury/
B71: Sub Stat | C71: Finishing | D71: 30 | E71: 94 | F71: +30 Finishing 94 | G71: The King of Highbury - EA SPORTS FC 26 | H71: Current | I71: Current Evolutions | J71: https://www.fut.gg/evolutions/1939-the-king-of-highbury/
B72: Sub Stat | C72: Shot Power | D72: 30 | E72: 91 | F72: +30 Shot Power 91 | G72: The King of Highbury - EA SPORTS FC 26 | H72: Current | I72: Current Evolutions | J72: https://www.fut.gg/evolutions/1939-the-king-of-highbury/
B73: Sub Stat | C73: Long Shots | D73: 30 | E73: 91 | F73: +30 Long Shots 91 | G73: The King of Highbury - EA SPORTS FC 26 | H73: Current | I73: Current Evolutions | J73: https://www.fut.gg/evolutions/1939-the-king-of-highbury/
B74: Sub Stat | C74: Volleys | D74: 30 | E74: 89 | F74: +30 Volleys 89 | G74: The King of Highbury - EA SPORTS FC 26 | H74: Current | I74: Current Evolutions | J74: https://www.fut.gg/evolutions/1939-the-king-of-highbury/
... B149: Sub Stat | C149: Agility | D149: 8 | E149: 93 | F149: +8 Agility 93 | G149: Tricksy Hobbits - EA SPORTS FC 26 | H149: Current | I149: Current Evolutions | J149: https://www.fut.gg/evolutions/1921-tricksy-hobbits/
B150: Face Stat | C150: OVR | D150: 1 | F150: +1 OVR | G150: Express Delivery - EA SPORTS FC 26 | H150: Current | I150: Current Evolutions | J150: https://www.fut.gg/evolutions/1920-express-delivery/
B151: Sub Stat | C151: Crossing | D151: 12 | E151: 93 | F151: +12 Crossing 93 | G151: Express Delivery - EA SPORTS FC 26 | H151: Current | I151: Current Evolutions | J151: https://www.fut.gg/evolutions/1920-express-delivery/
B152: Sub Stat | C152: Short Passing | D152: 6 | E152: 90 | F152: +6 Short Pass 90 | G152: Express Delivery - EA SPORTS FC 26 | H152: Current | I152: Current Evolutions | J152: https://www.fut.gg/evolutions/1920-express-delivery/
B153: Sub Stat | C153: Sprint Speed | D153: 6 | E153: 92 | F153: +6 Sprint Speed 92 | G153: Express Delivery - EA SPORTS FC 26 | H153: Current | I153: Current Evolutions | J153: https://www.fut.gg/evolutions/1920-express-delivery/
B154: Sub Stat | C154: Long Passing | D154: 10 | E154: 92 | F154: +10 Long Pass 92 | G154: Express Delivery - EA SPORTS FC 26 | H154: Current | I154: Current Evolutions | J154: https://www.fut.gg/evolutions/1920-express-delivery/
B155: Sub Stat | C155: Acceleration | D155: 6 | E155: 92 | F155: +6 Acceleration 92 | G155: Express Delivery - EA SPORTS FC 26 | H155: Current | I155: Current Evolutions | J155: https://www.fut.gg/evolutions/1920-express-delivery/
B156: Sub Stat | C156: Curve | D156: 12 | E156: 92 | F156: +12 Curve 92 | G156: Express Delivery - EA SPORTS FC 26 | H156: Current | I156: Current Evolutions | J156: https://www.fut.gg/evolutions/1920-express-delivery/
B157: Sub Stat | C157: Vision | D157: 8 | E157: 91 | F157: +8 Vision 91 | G157: Express Delivery - EA SPORTS FC 26 | H157: Current | I157: Current Evolutions | J157: https://www.fut.gg/evolutions/1920-express-delivery/
B158: Sub Stat | C158: Stamina | D158: 10 | E158: 93 | F158: +10 Stamina 93 | G158: Express Delivery - EA SPORTS FC 26 | H158: Current | I158: Current Evolutions | J158: https://www.fut.gg/evolutions/1920-express-delivery/
B159: Sub Stat | C159: Dribbling | D159: 8 | E159: 91 | F159: +8 Dribbling 91 | G159: Express Delivery - EA SPORTS FC 26 | H159: Current | I159: Current Evolutions | J159: https://www.fut.gg/evolutions/1920-express-delivery/
B160: Sub Stat | C160: Agility | D160: 8 | E160: 91 | F160: +8 Agility 91 | G160: Express Delivery - EA SPORTS FC 26 | H160: Current | I160: Current Evolutions | J160: https://www.fut.gg/evolutions/1920-express-delivery/
B161: Face Stat | C161: OVR | D161: 1 | F161: +1 OVR | G161: Express Delivery - EA SPORTS FC 26 | H161: Current | I161: Current Evolutions | J161: https://www.fut.gg/evolutions/1920-express-delivery/
B162: Sub Stat | C162: Crossing | D162: 12 | E162: 93 | F162: +12 Crossing 93 | G162: Express Delivery - EA SPORTS FC 26 | H162: Current | I162: Current Evolutions | J162: https://www.fut.gg/evolutions/1920-express-delivery/
B163: Sub Stat | C163: Short Passing | D163: 6 | E163: 90 | F163: +6 Short Pass 90 | G163: Express Delivery - EA SPORTS FC 26 | H163: Current | I163: Current Evolutions | J163: https://www.fut.gg/evolutions/1920-express-delivery/
B164: Sub Stat | C164: Sprint Speed | D164: 6 | E164: 92 | F164: +6 Sprint Speed 92 | G164: Express Delivery - EA SPORTS FC 26 | H164: Current | I164: Current Evolutions | J164: https://www.fut.gg/evolutions/1920-express-delivery/
B165: Sub Stat | C165: Long Passing | D165: 10 | E165: 92 | F165: +10 Long Pass 92 | G165: Express Delivery - EA SPORTS FC 26 | H165: Current | I165: Current Evolutions | J165: https://www.fut.gg/evolutions/1920-express-delivery/
B166: Face Stat | C166: OVR | D166: 15 | E166: 91 | F166: +15 OVR 91 | G166: The Swan of Utrecht - EA SPORTS FC 26 | H166: Current | I166: Current Evolutions | J166: https://www.fut.gg/evolutions/1919-the-swan-of-utrecht/
B167: Face Stat | C167: PAS | D167: 8 | E167: 87 | F167: +8 PAS 87 | G167: The Swan of Utrecht - EA SPORTS FC 26 | H167: Current | I167: Current Evolutions | J167: https://www.fut.gg/evolutions/1919-the-swan-of-utrecht/
B168: Skill | C168: WF | D168: 4 | E168: 5 | F168: +4 WF 5 | G168: The Swan of Utrecht - EA SPORTS FC 26 | H168: Current | I168: Current Evolutions | J168: https://www.fut.gg/evolutions/1919-the-swan-of-utrecht/
B169: Sub Stat | C169: Dribbling | D169: 20 | E169: 91 | F169: +20 Dribbling 91 | G169: The Swan of Utrecht - EA SPORTS FC 26 | H169: Current | I169: Current Evolutions | J169: https://www.fut.gg/evolutions/1919-the-swan-of-utrecht/
B170: Sub Stat | C170: Strength | D170: 15 | E170: 88 | F170: +15 Strength 88 | G170: The Swan of Utrecht - EA SPORTS FC 26 | H170: Current | I170: Current Evolutions | J170: https://www.fut.gg/evolutions/1919-the-swan-of-utrecht/
B171: Sub Stat | C171: Positioning | D171: 25 | E171: 95 | F171: +25 Positioning 95 | G171: The Swan of Utrecht - EA SPORTS FC 26 | H171: Current | I171: Current Evolutions | J171: https://www.fut.gg/evolutions/1919-the-swan-of-utrecht/
B172: Sub Stat | C172: Ball Control | D172: 25 | E172: 92 | F172: +25 Ball Control 92 | G172: The Swan of Utrecht - EA SPORTS FC 26 | H172: Current | I172: Current Evolutions | J172: https://www.fut.gg/evolutions/1919-the-swan-of-utrecht/
B173: Sub Stat | C173: Sprint Speed | D173: 15 | E173: 91 | F173: +15 Sprint Speed 91 | G173: The Swan of Utrecht - EA SPORTS FC 26 | H173: Current | I173: Current Evolutions | J173: https://www.fut.gg/evolutions/1919-the-swan-of-utrecht/
... B197: Face Stat | C197: PAS | D197: 10 | E197: 82 | F197: +10 PAS 82 | G197: Star in Motion - EA SPORTS FC 26 | H197: Current | I197: Current Evolutions | J197: https://www.fut.gg/evolutions/1280-star-in-motion/
B198: Skill | C198: SM | D198: 4 | F198: +4 SM | G198: Star in Motion - EA SPORTS FC 26 | H198: Current | I198: Current Evolutions | J198: https://www.fut.gg/evolutions/1280-star-in-motion/
B199: Sub Stat | C199: Jumping | D199: 15 | E199: 80 | F199: +15 Jumping 80 | G199: Star in Motion - EA SPORTS FC 26 | H199: Current | I199: Current Evolutions | J199: https://www.fut.gg/evolutions/1280-star-in-motion/
B200: Sub Stat | C200: Stamina | D200: 20 | E200: 80 | F200: +20 Stamina 80 | G200: Star in Motion - EA SPORTS FC 26 | H200: Current | I200: Current Evolutions | J200: https://www.fut.gg/evolutions/1280-star-in-motion/
B201: Sub Stat | C201: Aggression | D201: 15 | E201: 65 | F201: +15 Aggression 65 | G201: Star in Motion - EA SPORTS FC 26 | H201: Current | I201: Current Evolutions | J201: https://www.fut.gg/evolutions/1280-star-in-motion/
B202: Sub Stat | C202: Strength | D202: 15 | E202: 70 | F202: +15 Strength 70 | G202: Star in Motion - EA SPORTS FC 26 | H202: Current | I202: Current Evolutions | J202: https://www.fut.gg/evolutions/1280-star-in-motion/
B203: Face Stat | C203: OVR | D203: 10 | E203: 86 | F203: +10 OVR 86 | G203: Star in Motion - EA SPORTS FC 26 | H203: Current | I203: Current Evolutions | J203: https://www.fut.gg/evolutions/1280-star-in-motion/
B204: Face Stat | C204: PAC | D204: 10 | E204: 80 | F204: +10 PAC 80 | G204: Star in Motion - EA SPORTS FC 26 | H204: Current | I204: Current Evolutions | J204: https://www.fut.gg/evolutions/1280-star-in-motion/
B205: Face Stat | C205: SHO | D205: 5 | E205: 82 | F205: +5 SHO 82 | G205: Star in Motion - EA SPORTS FC 26 | H205: Current | I205: Current Evolutions | J205: https://www.fut.gg/evolutions/1280-star-in-motion/
B206: Face Stat | C206: DRI | D206: 5 | E206: 88 | F206: +5 DRI 88 | G206: Star in Motion - EA SPORTS FC 26 | H206: Current | I206: Current Evolutions | J206: https://www.fut.gg/evolutions/1280-star-in-motion/
B207: Skill | C207: SM | D207: 2 | E207: 6 | F207: +2 SM 6 | G207: Star in Motion - EA SPORTS FC 26 | H207: Current | I207: Current Evolutions | J207: https://www.fut.gg/evolutions/1280-star-in-motion/
B208: Face Stat | C208: OVR | D208: 1 | E208: 82 | F208: +1 OVR 82 | G208: Intro to Evolutions - EA SPORTS FC 26 | H208: Current | I208: Current Evolutions | J208: https://www.fut.gg/evolutions/1211-intro-to-evolutions/
B209: Face Stat | C209: PAC | D209: 1 | E209: 83 | F209: +1 PAC 83 | G209: Intro to Evolutions - EA SPORTS FC 26 | H209: Current | I209: Current Evolutions | J209: https://www.fut.gg/evolutions/1211-intro-to-evolutions/
B210: Face Stat | C210: SHO | D210: 1 | E210: 83 | F210: +1 SHO 83 | G210: Intro to Evolutions - EA SPORTS FC 26 | H210: Current | I210: Current Evolutions | J210: https://www.fut.gg/evolutions/1211-intro-to-evolutions/
... B267: Sub Stat | C267: Defensive Awareness | D267: 30 | E267: 95 | F267: +30 Defensive Awareness 95 | G267: Il Capitano [Store] - EA SPORTS FC 26 | H267: Reward | I267: Reward | J267: https://www.fut.gg/evolutions/1961-il-capitano-store/
B268: Face Stat | C268: OVR | D268: 2 | F268: +2 OVR | G268: In Form - EA SPORTS FC 26 | H268: Reward | I268: Objective | J268: https://www.fut.gg/evolutions/1956-in-form/
B269: Face Stat | C269: PAC | D269: 2 | E269: 91 | F269: +2 PAC 91 | G269: In Form - EA SPORTS FC 26 | H269: Reward | I269: Objective | J269: https://www.fut.gg/evolutions/1956-in-form/
B270: Face Stat | C270: SHO | D270: 2 | E270: 90 | F270: +2 SHO 90 | G270: In Form - EA SPORTS FC 26 | H270: Reward | I270: Objective | J270: https://www.fut.gg/evolutions/1956-in-form/
B271: Face Stat | C271: PAS | D271: 2 | E271: 91 | F271: +2 PAS 91 | G271: In Form - EA SPORTS FC 26 | H271: Reward | I271: Objective | J271: https://www.fut.gg/evolutions/1956-in-form/
B272: Face Stat | C272: DRI | D272: 2 | E272: 90 | F272: +2 DRI 90 | G272: In Form - EA SPORTS FC 26 | H272: Reward | I272: Objective | J272: https://www.fut.gg/evolutions/1956-in-form/
B273: Face Stat | C273: DEF | D273: 2 | E273: 90 | F273: +2 DEF 90 | G273: In Form - EA SPORTS FC 26 | H273: Reward | I273: Objective | J273: https://www.fut.gg/evolutions/1956-in-form/
B274: Face Stat | C274: PHY | D274: 2 | E274: 91 | F274: +2 PHY 91 | G274: In Form - EA SPORTS FC 26 | H274: Reward | I274: Objective | J274: https://www.fut.gg/evolutions/1956-in-form/
B275: Face Stat | C275: OVR | D275: 2 | F275: +2 OVR | G275: In Form - EA SPORTS FC 26 | H275: Reward | I275: Objective | J275: https://www.fut.gg/evolutions/1956-in-form/
B276: Face Stat | C276: PAC | D276: 2 | E276: 91 | F276: +2 PAC 91 | G276: In Form - EA SPORTS FC 26 | H276: Reward | I276: Objective | J276: https://www.fut.gg/evolutions/1956-in-form/
B277: Face Stat | C277: SHO | D277: 2 | E277: 90 | F277: +2 SHO 90 | G277: In Form - EA SPORTS FC 26 | H277: Reward | I277: Objective | J277: https://www.fut.gg/evolutions/1956-in-form/
B278: Face Stat | C278: PAS | D278: 2 | E278: 91 | F278: +2 PAS 91 | G278: In Form - EA SPORTS FC 26 | H278: Reward | I278: Objective | J278: https://www.fut.gg/evolutions/1956-in-form/
B279: Face Stat | C279: DRI | D279: 2 | E279: 90 | F279: +2 DRI 90 | G279: In Form - EA SPORTS FC 26 | H279: Reward | I279: Objective | J279: https://www.fut.gg/evolutions/1956-in-form/
...

Sheet Requirements_Long
A1: Requirement_Category | B1: Requirement_Name | C1: Operator | D1: Value | E1: Raw_Text | F1: Evolution_Name | G1: Source_Group | H1: Category | I1: URL
A2: OVR_Max | B2: OVR_Max | C2: Max | D2: 88 | E2: Overall Max. 88 | F2: Rapid Gains - EA SPORTS FC 26 | G2: Current | H2: Current Evolutions | I2: https://www.fut.gg/evolutions/1962-rapid-gains/
A3: Max_PS | B3: Max_PS | C3: Max | D3: 10 | E3: Max PS 10 | F3: Rapid Gains - EA SPORTS FC 26 | G3: Current | H3: Current Evolutions | I3: https://www.fut.gg/evolutions/1962-rapid-gains/
A4: Excluded_Rarity | B4: Excluded Rarity | C4: Exclude | D4: World Tour Silver Stars | E4: Excluded Rarity World Tour Silver Stars | F4: Rapid Gains - EA SPORTS FC 26 | G4: Current | H4: Current Evolutions | I4: https://www.fut.gg/evolutions/1962-rapid-gains/
A5: Rarity | B5: Rarity | C5: Include | D5: World Tour Silver Stars | E5: Rarity World Tour Silver Stars | F5: Rapid Gains - EA SPORTS FC 26 | G5: Current | H5: Current Evolutions | I5: https://www.fut.gg/evolutions/1962-rapid-gains/
A6: OVR_Max | B6: OVR_Max | C6: Max | D6: 88 | E6: Overall Max. 88 | F6: Tie Interceptor - EA SPORTS FC 26 | G6: Current | H6: Current Evolutions | I6: https://www.fut.gg/evolutions/1954-tie-interceptor/
A7: Max_PS_Plus | B7: Max_PS_Plus | C7: Max | D7: 2 | E7: Max PS+ 2 | F7: Tie Interceptor - EA SPORTS FC 26 | G7: Current | H7: Current Evolutions | I7: https://www.fut.gg/evolutions/1954-tie-interceptor/
A8: Max_PS | B8: Max_PS | C8: Max | D8: 10 | E8: Max PS 10 | F8: Tie Interceptor - EA SPORTS FC 26 | G8: Current | H8: Current Evolutions | I8: https://www.fut.gg/evolutions/1954-tie-interceptor/
A9: Excluded_Rarity | B9: Excluded Rarity | C9: Exclude | D9: World Tour Silver Stars | E9: Excluded Rarity World Tour Silver Stars | F9: Tie Interceptor - EA SPORTS FC 26 | G9: Current | H9: Current Evolutions | I9: https://www.fut.gg/evolutions/1954-tie-interceptor/
A10: Rarity | B10: Rarity | C10: Include | D10: World Tour Silver Stars | E10: Rarity World Tour Silver Stars | F10: Tie Interceptor - EA SPORTS FC 26 | G10: Current | H10: Current Evolutions | I10: https://www.fut.gg/evolutions/1954-tie-interceptor/
A11: OVR_Max | B11: OVR_Max | C11: Max | D11: 89 | E11: Overall Max. 89 | F11: The Trailblazer - EA SPORTS FC 26 | G11: Current | H11: Current Evolutions | I11: https://www.fut.gg/evolutions/1953-the-trailblazer/
A12: Max_PS_Plus | B12: Max_PS_Plus | C12: Max | D12: 2 | E12: Max PS+ 2 | F12: The Trailblazer - EA SPORTS FC 26 | G12: Current | H12: Current Evolutions | I12: https://www.fut.gg/evolutions/1953-the-trailblazer/
... A447: Rarity | B447: Rarity | C447: Include | D447: World Tour Silver Stars | E447: Rarity World Tour Silver Stars | F447: Club Member Reward - EA SPORTS FC 26 | G447: Reward | H447: Reward | I447: https://www.fut.gg/evolutions/1215-club-member-reward/

Sheet Collected_URLs
A1: Source_Group | B1: Category | C1: URL | D1: Link_Text | E1: Parent_Text
A2: Current | B2: Current Evolutions | C2: https://www.fut.gg/evolutions/1962-rapid-gains/ | D2: Rapid Gains NEW 3 | E2: Rapid Gains NEW 3 Hit the gym, skip leg day? Not here. This EVO boosts strength and agility so your player can outmuscle defenders and still glide past them. Riise 88 LB PAC 88 SHO 83 PAS 86 DRI 85 DEF 86 PHY 88 LM L 4 ★ 4 LB 88.2 Riise 88 LB PAC 88 SHO 83 PAS 86 DRI 86 DEF 86 PHY 92 LM L 4 ★ 4 LB 89.5 REQUIREMENTS Excluded Rarity World Tour Silver Stars Overall Max. 88 Max PS 10 UPGRADES +10 Agility 90 +10 Strength 95 8 in 9 days in 16 days 67% 33%
A3: Current | B3: Current Evolutions | C3: https://www.fut.gg/evolutions/1954-tie-interceptor/ | D3: Tie Interceptor 3 | E3: Tie Interceptor 3 Make key defensive stops and drive the ball forward in the moments that define the match. Wesley 88 RB PAC 92 SHO 75 PAS 84 DRI 88 DEF 85 PHY 84 RM R 4 ★ 3 RB 85.4 Wesley 89 RB PAC 92 SHO 75 PAS 86 DRI 88 DEF 88 PHY 85 RM R 4 ★ 3 RB 89.7 REQUIREMENTS Excluded Rarity World Tour Silver Stars Overall Max. 88 Max PS 10 Max PS+ 2 UPGRADES +1 OVR +5 Vision 91 +2 Short Pass 90 +2 Long Pass 93 +5 Agility 88 +5 Interceptions 93 +5 Defensive Awareness 92 +2 Strength 92 +2 Aggression 93 2 8 in 8 days in 15 days 57% 43%
A4: Current | B4: Current Evolutions | C4: https://www.fut.gg/evolutions/1953-the-trailblazer/ | D4: The Trailblazer 30,000 300 | E4: The Trailblazer 30,000 300 Right‑side brilliance meets big‑game pedigree. A trophy‑winning Lioness with fearless overlaps and pinpoint delivery, redefining what a modern full‑back can be. Lahm 89 RB PAC 84 SHO 68 PAS 83 DRI 83 DEF 86 PHY 70 LB CDM R 3 ★ 3 LB 80.0 Lahm 91 RB PAC 91 SHO 68 PAS 89 DRI 90 DEF 91 PHY 78 LB CDM R 3 ★ 5 LB 90.6 REQUIREMENTS Excluded Rarity World Tour Silver Stars Overall Max. 89 Position RB Excluded Position CB Max PS 10 Max PS+ 2 UPGRADES +15 OVR 91 +4 WF +25 Acceleration 92 +25 Short Pass 93 +25 Long Pass 89 +15 Curve 88 +25 Sprint Speed 91 +15 Vision 87 +20 Crossing 89 +10 Fk Accuracy 80 +10 Aggression 89 +20 Agility 91 +20 Balance 88 +10 Stamina 90 +10 Strength 89 +10 Jumping 85 +20 Reactions 89 +20 Ball Control 90 +20 Dribbling 90 +20 Composure 91 +15 Interceptions 92 +10 Heading Acc. 88 +10 Defensive Awareness 90 +15 Standing Tackle 94 +15 Sliding Tackle 90 3 7 in 7 days in 14 days 82% 18%
A5: Current | B5: Current Evolutions | C5: https://www.fut.gg/evolutions/1951-fountain-of-youth/ | D5: Fountain of Youth 3 | E5: Fountain of Youth 3 Turn back the clock and give your qualifying player a pace, dribbling and stamina boost. Bardakcı 88 CB PAC 85 SHO 53 PAS 85 DRI 76 DEF 88 PHY 92 LB LM L 4 ★ 5 LB 88.3 Bardakcı 88 CB PAC 88 SHO 53 PAS 85 DRI 77 DEF 88 PHY 93 LB LM L 4 ★ 5 LB 89.7 REQUIREMENTS Excluded Rarity World Tour Silver Stars Overall Max. 88 Born Before 1996-04-25 UPGRADES +3 Acceleration 91 +3 Sprint Speed 90 +5 Agility 94 +5 Balance 94 +10 Stamina 95 in 6 days in 13 days 25% 75%
A6: Current | B6: Current Evolutions | C6: https://www.fut.gg/evolutions/1939-the-king-of-highbury/ | D6: The King of Highbury 125,000 1,000 | E6: The King of Highbury 125,000 1,000 Explode beyond defenders with electrifying speed and channel Thierry Henry’s signature strike, delivering every shot with flawless technique and ice-cold composure. Shaw 90 ST PAC 85 SHO 90 PAS 76 DRI 85 DEF 33 PHY 85 R 3 ★ 4 ST 82.2 Shaw 91 ST PAC 92 SHO 93 PAS 87 DRI 90 DEF 33 PHY 85 R 5 ★ 4 ST 93.0 REQUIREMENTS Excluded Rarity World Tour Silver Stars Overall Max. 90 Position ST, LW Max PS 10 Max PS+ 2 Strength Max. 91 Pace Max. 95 UPGRADES +30 OVR 91 +4 SM +3 WF 4 +30 Acceleration 92 +30 Agility 90 +30 Balance 88 +30 Reactions 93 +30 Ball Control 89 +30 Sprint Speed 92 +30 Positioning 92 +30 Finishing 94 +30 Shot Power 91 +30 Long Shots 91 +30 Volleys 89 +30 Penalties 85 +30 Vision 85 +30 Crossing 85 +30 Fk Accuracy 90 +30 Short Pass 88 +30 Long Pass 85 +30 Curve 95 +30 Dribbling 90 +30 Composure 92 +25 Heading Acc. 87 3 7 in 5 days in 12 days 67% 33%
A7: Current | B7: Current Evolutions | C7: https://www.fut.gg/evolutions/1938-power-up/ | D7: Power Up 5 | E7: Power Up 5 Power up physically and unleash pure strength on your opponents. O'Reilly 87 LB PAC 89 SHO 82 PAS 86 DRI 87 DEF 85 PHY 85 CM CAM L 3 ★ 3 LB 87.2 O'Reilly 87 LB PAC 89 SHO 83 PAS 86 DRI 87 DEF 86 PHY 88 CM CAM L 3 ★ 3 LB 89.5 REQUIREMENTS Excluded Rarity World Tour Silver Stars Overall Max. 88 Max PS 10 UPGRADES +4 Shot Power 93 +4 Jumping 93 +3 Aggression 91 +4 Heading Acc. 93 +3 Stamina 91 +4 Strength 91 8 in 5 days in 12 days 37% 63%
A8: Current | B8: Current Evolutions | C8: https://www.fut.gg/evolutions/1937-back-on-track/ | D8: Back on Track 3 | E8: Back on Track 3 Help your players get Back on Track with a variety of stat boosts and 3 base PlayStyles. Amaiur Sarriegi 88 ST PAC 93 SHO 86 PAS 84 DRI 91 DEF 55 PHY 88 RM RW LW R 4 ★ 4 RW 88.3 Amaiur Sarriegi 88 ST PAC 93 SHO 86 PAS 85 DRI 91 DEF 56 PHY 88 RM RW LW R 4 ★ 4 RW 89.9 REQUIREMENTS Excluded Rarity World Tour Silver Stars Overall Max. 88 Max PS 10 UPGRADES +3 Positioning 90 +4 Curve 90 +4 Composure 90 +3 Stamina 90 +4 Vision 90 +4 Reactions 90 +3 Defensive Awareness 90 +3 Aggression 90 8 in 4 days in 11 days 40% 60%
A9: Current | B9: Current Evolutions | C9: https://www.fut.gg/evolutions/1922-columbus-conductor/ | D9: Columbus Conductor | E9: Columbus Conductor Become a true master of midfield balance. The Columbus Conductor commands the tempo, controls the chaos, and orchestrates the match. Madsen 84 CDM PAC 78 SHO 81 PAS 86 DRI 84 DEF 80 PHY 84 CM CAM R 3 ★ 4 CM 79.2 Madsen 90 CDM PAC 88 SHO 83 PAS 90 DRI 90 DEF 89 PHY 86 CM CAM R 3 ★ 4 CM 90.2 REQUIREMENTS Excluded Rarity World Tour Silver Stars Overall Max. 88 Position CDM Max PS 10 Max PS+ 2 Defending Max. 98 UPGRADES +25 OVR 90 +25 Jumping 87 +15 Long Shots 90 +25 Curve 92 +25 Agility 92 +25 Dribbling 89 +15 Acceleration 87 +15 Volleys 94 +25 Short Pass 92 +25 Balance 89 +25 Defensive Awareness 90 +15 Sprint Speed 89 +25 Vision 92 +25 Long Pass 92 +25 Reactions 91 +25 Standing Tackle 90 +15 Shot Power 90 +25 Crossing 84 +25 Ball Control 89 +25 Interceptions 91 +25 Sliding Tackle 88 +25 Fk Accuracy 89 +25 Composure 91 +25 Stamina 90 +25 Strength 87 2 8 in 3 days in 10 days 46% 54%
A10: Current | B10: Current Evolutions | C10: https://www.fut.gg/evolutions/1921-tricksy-hobbits/ | D10: Tricksy Hobbits 2 | E10: Tricksy Hobbits 2 Quick off the mark and slippery in tight spaces, turn your player into a darting menace. Luany 88 RM PAC 91 SHO 87 PAS 82 DRI 88 DEF 51 PHY 85 CAM RW ST R 3 ★ 5 RM 84.7 Luany 88 RM PAC 92 SHO 87 PAS 82 DRI 89 DEF 51 PHY 85 CAM RW ST R 5 ★ 5 RM 89.9 REQUIREMENTS Excluded Rarity World Tour Silver Stars Overall Max. 88 Position LW, RW Max PS 10 UPGRADES +4 SM 5 +8 Acceleration 93 +8 Agility 93 +6 Sprint Speed 91 +6 Balance 92 8 in 2 days in 9 days 34% 66%
A11: Current | B11: Current Evolutions | C11: https://www.fut.gg/evolutions/1920-express-delivery/ | D11: Express Delivery 2 | E11: Express Delivery 2 Turn your fullback into a nonstop outlet down the flank. Show blistering pace and quality on the ball to deliver the perfect cross. Deijl 88 RB PAC 88 SHO 74 PAS 81 DRI 83 DEF 87 PHY 89 R 3 ★ 5 RB 86.5 Deijl 89 RB PAC 92 SHO 74 PAS 88 DRI 87 DEF 87 PHY 89 R 3 ★ 5 RB 91.8 REQUIREMENTS Excluded Rarity World Tour Silver Stars Overall Max. 88 Position LB, RB Excluded Position CB Max PS 10 Max PS+ 2 UPGRADES +1 OVR +12 Crossing 93 +6 Short Pass 90 +6 Sprint Speed 92 +10 Long Pass 92 +6 Acceleration 92 +12 Curve 92 +8 Vision 91 +10 Stamina 93 +8 Dribbling 91 +8 Agility 91 2 8 in 1 day in 8 days 14% 86%
A12: Current | B12: Current Evolutions | C12: https://www.fut.gg/evolutions/1919-the-swan-of-utrecht/ | D12: The Swan of Utrecht 60,000 400 | E12: The Swan of Utrecht 60,000 400 Glide through defenses with effortless elegance and channel Marco van Basten’s signature blend of grace and ruthlessness to make finishes look like art. Lukaku 85 CAM PAC 84 SHO 86 PAS 80 DRI 81 DEF 42 PHY 85 ST L 4 ★ 4 ST 80.4 Lukaku 91 CAM PAC 91 SHO 91 PAS 87 DRI 91 DEF 43 PHY 89 ST L 4 ★ 5 ST 92.1 REQUIREMENTS Excluded Rarity World Tour Silver Stars Overall Max. 89 Position ST Max PS 10 Max PS+ 2 Pace Max. 91 UPGRADES +15 OVR 91 +8 PAS 87 +4 WF 5 +20 Dribbling 91 +15 Strength 88 +25 Positioning 95 +25 Ball Control 92 +15 Sprint Speed 91 +20 Agility 89 +20 Balance 89 +15 Acceleration 90 +25 Finishing 92 +20 Heading Acc. 90 +25 Shot Power 91 +25 Long Shots 89 +15 Jumping 89 +25 Composure 92 +25 Volleys 93 +25 Reactions 91 +25 Penalties 89 +15 Stamina 90 2 8 Show less in 11 hours in 7 days 13% 87%
... A104: Reward | B104: Reward | C104: https://www.fut.gg/evolutions/1215-club-member-reward/ | D104: Club Member Reward | E104: Club Member Reward Unlocked by being a Club Member on FC 26. Iñaki Williams 83 RM PAC 94 SHO 81 PAS 74 DRI 80 DEF 45 PHY 84 RW ST R 4 ★ 3 RM 79.3 Iñaki Williams 83 RM PAC 94 SHO 81 PAS 74 DRI 80 DEF 45 PHY 84 RW ST R 4 ★ 3 ST 79.8 REQUIREMENTS Excluded Rarity World Tour Silver Stars Overall Max. 83 Position ST UPGRADES ST Advanced Forward + ST Poacher + ST False 9 + ST Target Forward + in 5 months in 5 months 91% 9%

Sheet Errors

Sheet Summary
A1: Metric | B1: Value
A2: Reward_Count | B2: 88
A3: Current_Count | B3: 15
A4: Generated_At | B4: 2026-04-29T15:18:34
A5: Start_URL | B5: https://www.fut.gg/evolutions/
A6: URL_Count | B6: 103
A7: Rule | B7: v6 uses early working detail parser; only link collection/source grouping changed.
A8: Rule | B8: Only true detail URLs like /evolutions/1962-rapid-gains/ are collected.
A9: Rule | B9: FACE stats such as PAC/SHO/PAS/DRI/DEF/PHY are not distributed into sub-stats.
